log_id,employee_id,log_date,status,remarks
1,381,2024-08-27,Failure,Popular onto may model her unit.
2,329,2024-12-13,Failure,That lot low here.
3,479,2024-12-02,Pending,Garden finally difference everything.
4,15,2025-02-12,Failure,Practice ground least tree.
5,516,2024-11-04,Success,Style suffer situation.
6,191,2024-09-25,Success,Together scientist hair allow phone weight medical.
7,168,2024-11-28,Pending,Network movement scientist their wife.
8,521,2025-04-29,Failure,Land mission each something.
9,621,2025-03-29,Pending,Ready practice each ready.
10,137,2025-02-17,Success,Concern without entire everyone sea safe true.
11,154,2025-01-11,Pending,Mission article dinner one.
12,388,2024-12-09,Failure,Local better think anything so authority long kind.
13,209,2025-01-31,Pending,Culture my Democrat maintain notice ok technology.
14,272,2024-09-23,Failure,Result kind politics open.
15,143,2024-11-12,Failure,Sense yeah edge imagine establish piece forget low.
16,611,2025-01-22,Success,Week federal test eat every.
17,889,2025-03-23,Success,Me personal born series consider according throw.
18,820,2024-12-04,Success,Like clear assume it fight understand kitchen.
19,69,2025-02-21,Failure,State cover board discussion film figure short.
20,247,2024-12-06,Pending,Bill feel participant number choice choose short.
21,261,2025-08-05,Failure,System particular church what.
22,788,2025-05-17,Success,President small sister especially usually line task.
23,79,2025-03-13,Success,He fill risk stop firm.
24,658,2025-03-02,Pending,Interesting hour individual several identify.
25,623,2024-11-20,Success,Government south window short affect region.
26,770,2025-01-13,Success,Product eight strategy age into.
27,605,2024-08-24,Success,For nice current Democrat me task.
28,525,2025-02-27,Pending,Avoid civil reveal walk.
29,772,2025-05-27,Failure,Like wife animal process reach training main exactly.
30,938,2025-01-17,Success,Only arrive argue garden Mrs just exist line.
31,621,2025-01-09,Pending,Foot simple including charge.
32,330,2025-06-10,Success,Operation off no just.
33,189,2025-03-18,Pending,Of several end most fact against.
34,95,2025-05-22,Success,That recognize school whatever.
35,617,2024-09-29,Pending,Toward knowledge this contain life leave.
36,8,2025-02-09,Success,Current will else page usually cell.
37,67,2024-11-13,Failure,Interview south something story art writer.
38,496,2025-03-30,Success,Administration join allow mean sometimes so.
39,191,2024-08-27,Pending,Executive free attack away begin next both.
40,366,2025-01-19,Success,Sometimes suffer because two.
41,768,2025-06-13,Failure,Practice course authority range stand letter threat yes.
42,521,2024-11-16,Success,Practice authority possible fund.
43,990,2025-02-07,Pending,Sit science way threat husband family perhaps.
44,117,2025-01-08,Pending,Affect different interview else development purpose.
45,267,2025-02-19,Failure,Mother president customer start understand throw.
46,611,2025-03-24,Pending,Check significant deal consider ago own suddenly.
47,485,2024-09-29,Success,Music west force firm.
48,509,2025-04-24,Success,Probably cut clear yard do.
49,298,2024-12-16,Success,Sign agree there want but.
50,909,2024-12-25,Pending,Agent test take decade any just.
51,164,2024-10-12,Success,Day herself sport behavior compare.
52,376,2025-06-28,Success,Right business series build major painting see first.
53,653,2025-04-19,Success,Decision before medical long meet.
54,268,2024-09-19,Failure,Administration herself information which beyond growth finally.
55,549,2024-09-24,Pending,Its summer feel yourself.
56,74,2025-03-23,Pending,Practice special then administration.
57,508,2024-10-22,Pending,Role today animal suggest concern.
58,73,2024-11-06,Failure,Campaign choose reason.
59,308,2025-07-19,Pending,Article sort term.
60,199,2025-08-18,Failure,He increase church common view.
61,130,2025-02-24,Failure,Score special consider these.
62,758,2025-04-05,Pending,Skill air daughter idea.
63,824,2024-11-23,Success,Training enter fly situation former threat.
64,572,2024-09-19,Success,Same certain imagine.
65,791,2024-10-11,Pending,Help out modern citizen address today begin.
66,615,2025-01-21,Pending,Both little work task.
67,808,2025-04-14,Failure,Key tax speak a live tonight either.
68,832,2025-07-09,Pending,Prevent half party respond local see.
69,487,2025-02-17,Failure,Cultural despite candidate walk difficult bank believe.
70,853,2025-03-09,Pending,Executive past economic economy role feeling.
71,151,2025-05-25,Success,Property mind officer third service capital instead.
72,669,2025-07-10,Success,Often various alone town.
73,206,2025-03-26,Pending,Place some woman add play structure.
74,986,2025-06-09,Failure,Class follow occur low gas.
75,179,2024-11-16,Success,Thank wife if yeah law enjoy key seat.
76,197,2024-09-09,Failure,Under front throughout effort southern maintain nature.
77,735,2025-06-12,Pending,Property garden mind as.
78,89,2025-02-25,Pending,Interview agent myself behind window store.
79,799,2024-11-23,Success,Nearly fast their film.
80,434,2025-01-24,Pending,Network vote whom will consumer star.
81,788,2024-12-16,Success,Crime style develop admit safe government over.
82,748,2025-06-01,Failure,None most another mouth.
83,183,2024-12-27,Success,Discover water most hear beyond close plant.
84,209,2025-07-08,Success,Difficult us respond must western interest dark any.
85,493,2024-10-15,Failure,Fast too will throw life carry.
86,130,2024-09-01,Success,A edge new find type.
87,665,2024-12-20,Success,Order at sense cell lose civil will with.
88,13,2025-05-12,Pending,Hospital city industry option eat.
89,634,2025-03-25,Failure,Audience white everybody throughout but science.
90,871,2025-04-07,Success,Day central every force.
91,732,2025-01-22,Failure,Minute modern sign out.
92,106,2025-07-22,Failure,Produce federal by sea lawyer.
93,375,2024-08-20,Success,They senior result themselves.
94,582,2024-11-30,Pending,High through both.
95,707,2025-05-13,Failure,International collection report tend maintain fact mission.
96,698,2024-11-07,Success,Young owner out guy.
97,99,2025-06-07,Failure,Student white instead point tend exactly right.
98,594,2025-03-24,Pending,Toward policy forget project economy.
99,587,2025-06-22,Pending,Bar big south drug manager opportunity.
100,886,2025-02-23,Pending,Billion sit remain night study.
101,852,2025-03-17,Success,Parent that property among blue study.
102,192,2025-02-28,Success,Offer brother shake guess.
103,325,2024-12-17,Pending,Instead hour season girl small system of mission.
104,979,2025-04-28,Success,Spend physical sing protect agent note.
105,726,2024-11-17,Pending,Piece forget factor.
106,827,2024-12-20,Success,Soon rock support effect stand general.
107,956,2025-02-13,Pending,Everybody situation foot recognize play.
108,467,2025-05-20,Failure,Decide side natural focus.
109,894,2025-02-21,Pending,Send sit common matter become goal.
110,367,2025-03-05,Pending,Science structure dinner stock big reveal police.
111,318,2025-03-21,Success,Perform police series dark task magazine.
112,144,2025-07-17,Success,South time senior where follow born.
113,384,2025-06-01,Success,Financial media politics fast nice concern peace away.
114,216,2025-05-29,Success,Bed our theory identify.
115,361,2024-09-18,Success,Certainly future government card history.
116,324,2025-08-10,Success,Party wife food different step.
117,15,2024-09-27,Failure,Nature property event manager street.
118,217,2025-01-30,Pending,Early difficult possible democratic actually.
119,492,2025-05-16,Pending,Who tax low keep news.
120,951,2024-09-17,Pending,Court control million hundred offer total hit.
121,547,2025-01-10,Failure,Religious word sound enjoy have.
122,183,2024-10-06,Pending,Floor ground when care team.
123,270,2025-06-07,Failure,Somebody often benefit true world.
124,945,2024-08-23,Failure,Movement bit step direction give reduce with.
125,467,2024-10-19,Failure,Let off apply peace market.
126,870,2025-03-07,Pending,Ask yet against large practice time.
127,612,2025-06-04,Failure,Test challenge radio assume rest now water.
128,519,2024-10-04,Pending,Require make region.
129,542,2024-10-21,Pending,Worry Democrat laugh Mrs.
130,467,2024-11-02,Success,Form now then watch certain.
131,305,2025-02-03,Success,Woman only television wife apply senior onto.
132,985,2025-07-21,Failure,Pass morning room run.
133,144,2024-10-01,Failure,Woman similar writer structure ahead.
134,111,2024-09-02,Pending,Rock forward behind idea red rate source.
135,232,2025-07-27,Failure,Recent catch gas benefit great religious.
136,691,2025-01-29,Failure,Matter continue husband dinner worry.
137,584,2025-02-26,Pending,Fund sell model after.
138,722,2024-10-23,Failure,Article news radio believe ability world actually force.
139,732,2025-04-18,Failure,Agree toward nor teacher western.
140,592,2025-06-25,Pending,Pm marriage movement wish best.
141,500,2025-03-09,Pending,Outside off through relationship.
142,595,2025-02-23,Success,Medical sport knowledge performance.
143,554,2024-10-11,Pending,Thousand soldier build various various blue raise.
144,273,2025-06-04,Success,Million too marriage page young turn visit up.
145,703,2025-07-23,Failure,Story six want protect assume east center.
146,173,2025-03-18,Pending,Could identify group true TV specific travel.
147,973,2025-01-27,Pending,Better mind professional fly month offer mother hour.
148,7,2025-01-20,Pending,Poor executive career shake fall phone identify.
149,155,2024-08-21,Failure,Bank agency bit night participant fill.
150,522,2024-12-11,Success,Side recognize month among water.
151,546,2024-10-02,Failure,Throughout security number community finish.
152,548,2025-02-03,Failure,Move another field.
153,921,2024-12-10,Pending,Goal Mrs statement range its.
154,518,2025-05-24,Success,Model condition he recognize treat better wear.
155,920,2025-08-11,Failure,Republican authority data deal policy.
156,914,2025-07-25,Pending,And high too.
157,215,2025-05-07,Failure,Under above drive sport.
158,134,2024-12-01,Failure,Worker would step head study and.
159,285,2025-03-08,Pending,Out perform election two.
160,126,2024-12-21,Pending,Report top finally wait president trial important.
161,921,2025-04-13,Success,Indeed including everything.
162,439,2025-07-29,Failure,Stage major outside phone house.
163,849,2025-01-09,Pending,Can ready audience boy city social at.
164,686,2025-03-24,Pending,Force want either race us huge movie.
165,152,2025-04-27,Success,Talk end set house those.
166,331,2024-10-21,Success,Wear never marriage camera yet.
167,538,2024-10-11,Pending,Long born also hold base really attack.
168,383,2024-12-08,Success,Past just central others American value.
169,115,2025-03-09,Pending,Shoulder right analysis add check.
170,894,2025-05-11,Failure,Two glass customer popular hospital.
171,482,2024-11-05,Success,Water measure different physical.
172,284,2025-06-25,Failure,Price keep the attorney early more.
173,899,2025-04-13,Failure,Claim natural fish born assume million admit.
174,75,2025-05-22,Failure,Right focus although top.
175,166,2025-01-09,Pending,Accept about around hold note.
176,189,2025-03-07,Failure,Several along nation after station.
177,78,2025-04-09,Failure,Visit population executive pattern last security raise.
178,947,2024-11-23,Failure,Economic woman PM look together lawyer these difference.
179,602,2025-02-17,Pending,Pm company whose yourself think.
180,688,2025-02-13,Failure,Science it feel amount improve they.
181,21,2024-11-07,Failure,Would by phone decade image.
182,566,2025-08-16,Success,Leave laugh weight less full program.
183,184,2024-12-24,Pending,Rich day describe course.
184,871,2025-08-13,Failure,Way role six guy leg.
185,222,2025-06-04,Success,Hear fill hotel like myself laugh.
186,827,2025-05-24,Pending,Include current front three process view it wall.
187,328,2025-07-15,Pending,Really history project.
188,179,2025-08-13,Pending,Worker quite shoulder political offer.
189,788,2024-10-09,Pending,Character first early school several.
190,112,2024-10-20,Pending,First usually partner same then put skin.
191,736,2025-03-09,Pending,Again turn thank former.
192,726,2025-05-22,Failure,Finish top data character.
193,59,2025-07-06,Failure,Film at perhaps firm toward.
194,327,2025-02-18,Failure,Little region face big no too charge.
195,905,2024-08-21,Failure,Budget travel important no pick record.
196,621,2024-12-19,Success,Ready tough wish professional chair.
197,897,2025-01-26,Failure,Best always they list local short.
198,669,2024-10-26,Pending,Read stand us once consider thus wife water.
199,191,2024-10-15,Failure,Gas fund be have concern perhaps quality.
200,200,2025-02-16,Failure,Book various whether culture.
201,312,2024-09-13,Pending,Factor society skill great worker manager.
202,708,2024-08-20,Failure,Through individual college surface court exactly minute trouble.
203,35,2024-12-17,Failure,Five cold power red enjoy you front.
204,379,2025-05-17,Failure,Seek service leader bag necessary.
205,387,2024-10-29,Success,The unit action off.
206,758,2024-11-03,Failure,Herself toward here along public.
207,237,2025-05-14,Pending,Friend sort table six imagine garden.
208,616,2024-09-23,Pending,Rest need major entire tree try.
209,519,2025-03-14,Failure,South tree technology time.
210,283,2025-02-12,Failure,Specific south blood.
211,1,2024-12-24,Failure,Computer assume occur down.
212,731,2024-09-23,Pending,Tell act add southern.
213,464,2024-09-10,Pending,Audience old whole wide piece former professor partner.
214,230,2025-04-17,Success,Region current second ball.
215,967,2025-02-16,Success,Responsibility before item rate.
216,172,2025-04-05,Success,Anyone bag fly more live.
217,87,2024-10-17,Pending,Remain manager relationship light rule.
218,553,2024-09-12,Success,Ten article continue according compare culture century my.
219,123,2025-01-01,Failure,Record reflect away cost focus.
220,843,2025-04-22,Failure,Class play or own media.
221,298,2025-03-23,Pending,Design economy general drive according.
222,885,2025-07-27,Success,Example claim article management total.
223,929,2024-11-13,Failure,People stage bag share.
224,690,2024-12-29,Pending,Activity season because open trouble guess race.
225,575,2025-04-19,Success,Notice road five group.
226,484,2024-08-23,Failure,Have feel major national seat direction color.
227,165,2025-08-13,Success,Important they food someone war idea.
228,699,2024-10-31,Pending,Laugh center seek information agency cause first.
229,383,2024-12-02,Success,Change hand its stage town character watch describe.
230,209,2024-12-06,Pending,Hospital change front.
231,739,2025-07-02,Success,Market citizen stop.
232,432,2025-08-06,Failure,Everyone couple parent material itself surface maintain.
233,389,2025-07-21,Pending,Government black well relationship.
234,560,2025-01-30,Pending,Eye dog wall sound indicate actually final city.
235,224,2025-04-01,Pending,Financial peace particularly out morning game health read.
236,3,2025-05-28,Success,Hard wife as language.
237,372,2024-12-14,Success,Early war read travel total plant.
238,687,2025-01-07,Failure,Skill never officer former create camera focus.
239,446,2025-04-17,Pending,Occur treat remain participant spend eat none three.
240,611,2025-06-11,Pending,Memory believe seek perhaps ball make.
241,116,2025-01-21,Success,Too water road at hope cover show Republican.
242,270,2025-08-15,Success,Summer arrive east plan force station.
243,447,2024-11-24,Failure,No situation what machine fire third customer.
244,368,2025-03-23,Failure,Whatever our build safe save.
245,253,2025-03-16,Success,Model mean eat heavy red.
246,317,2025-04-24,Pending,Fear daughter fast.
247,415,2025-05-01,Failure,Prepare several bad.
248,95,2024-11-04,Success,Simply year land high church know finish.
249,785,2024-09-17,Success,Lay cup paper expect only.
250,892,2025-04-05,Pending,What buy test need hard firm.
251,24,2024-10-16,Success,Nearly pick position how force structure.
252,628,2024-09-26,Success,Poor food series.
253,663,2025-05-28,Failure,Third argue response.
254,850,2024-11-10,Success,Market until cause bill.
255,50,2024-12-04,Success,Vote dog senior win.
256,502,2024-10-26,Failure,Ball gas attorney hundred artist indicate.
257,718,2024-11-28,Pending,Reason nature become debate city several.
258,498,2025-03-24,Pending,Dinner argue raise agency poor.
259,335,2024-09-26,Failure,Long among serve wear west.
260,79,2024-10-06,Failure,May follow series prove.
261,582,2025-06-23,Pending,Member face age.
262,27,2025-03-08,Pending,Nearly always operation decade old according.
263,271,2025-04-03,Pending,Ok happy together clearly.
264,562,2025-04-25,Pending,Charge account physical performance enter.
265,804,2025-06-11,Pending,Memory civil cut parent free force.
266,247,2025-01-13,Failure,Hotel practice later knowledge whose.
267,776,2024-12-24,Success,Show daughter both hold blood value day.
268,591,2025-03-29,Pending,Save fear ready Democrat order field less.
269,387,2025-06-13,Pending,Discover three such describe agency actually stop team.
270,702,2025-07-15,Success,Matter result result leader hospital.
271,559,2025-04-04,Success,Tv lose others some.
272,973,2025-04-09,Success,Back blue a all anyone.
273,361,2024-12-03,Success,Water us field.
274,866,2025-06-27,Success,Rock which best happy position wife.
275,984,2025-05-31,Success,Away individual against side together few.
276,488,2025-07-22,Failure,Lead usually work trip build.
277,352,2025-04-14,Success,They usually company.
278,701,2025-05-04,Success,Beat doctor thank often.
279,928,2025-08-06,Failure,Event against none as reality democratic huge.
280,256,2025-02-17,Success,Air market store include win officer.
281,222,2024-11-07,Pending,Prevent where then.
282,884,2024-10-22,Pending,Rest dark environment provide white.
283,753,2024-08-19,Success,Dog language ability practice them.
284,781,2025-06-18,Failure,Next reflect social resource score expert.
285,1,2024-11-16,Pending,Our lead line clearly.
286,546,2024-11-10,Failure,Risk must fly police imagine oil.
287,446,2024-09-22,Pending,Level girl factor sport seem manager.
288,79,2025-08-14,Success,Imagine which beat education case under population.
289,236,2025-06-25,Failure,Send technology clearly amount media teacher person.
290,334,2025-04-13,Failure,Game plan seat surface off with society station.
291,889,2024-10-13,Failure,Bank industry born may among billion.
292,349,2024-10-12,Pending,Effort nearly walk.
293,98,2024-10-21,Pending,Range skin major for student.
294,82,2025-02-18,Pending,Nature house prevent hotel officer seek.
295,502,2025-07-23,Success,Difficult popular choose really.
296,967,2024-08-18,Pending,Respond throw wide son manager.
297,477,2024-12-21,Success,Reason fill sense field.
298,927,2024-09-17,Failure,My benefit sport age all.
299,704,2025-07-31,Failure,Debate still quite attack.
300,765,2024-09-07,Success,Week instead group idea recently feel hold.
301,921,2024-10-10,Pending,Field people try play order.
302,550,2025-03-04,Success,With matter goal eight list something send.
303,14,2025-06-27,Failure,Institution onto thing we.
304,392,2025-02-04,Failure,Yes here while service beautiful edge begin.
305,347,2025-01-30,Success,Right resource two lawyer see.
306,310,2025-05-03,Pending,Page light follow need region.
307,386,2025-02-17,Pending,Describe improve act campaign television sit very.
308,209,2024-12-23,Success,Attorney Congress ever north soon movie.
309,357,2024-12-13,Success,Education brother might.
310,974,2025-02-28,Pending,Total fall clear face.
311,601,2025-06-09,Failure,Interview rather why baby lot eat.
312,568,2024-10-02,Success,Simply southern town significant analysis consumer.
313,94,2024-11-19,Pending,Tend on management research space way.
314,93,2025-03-23,Pending,Big cause science water.
315,340,2025-01-17,Failure,Age many some involve remain today happy.
316,597,2025-01-11,Failure,Blood list everything newspaper institution assume enjoy.
317,445,2025-06-14,Failure,Listen medical during until case agency.
318,757,2025-01-14,Failure,Now professor land you.
319,22,2025-05-19,Failure,Newspaper long wife prevent old break.
320,291,2025-02-18,Success,Discussion challenge card.
321,485,2025-01-02,Pending,Action art small both program one.
322,784,2024-12-17,Success,Field specific floor.
323,306,2025-07-09,Success,Team song country listen long.
324,634,2025-03-08,Success,Common need phone teach.
325,128,2024-12-19,Success,Certainly camera member technology.
326,625,2025-03-12,Success,Local wrong authority clearly.
327,939,2024-09-17,Failure,Send style gun different energy arrive it that.
328,273,2025-07-27,Failure,Agree public us hospital paper term.
329,848,2025-04-10,Pending,Look we meeting image.
330,442,2025-07-11,Success,Drop miss market avoid.
331,503,2024-11-09,Pending,All at be through certainly political hard hotel.
332,130,2024-10-21,Failure,Practice would game student painting try talk.
333,132,2025-04-21,Failure,Memory history that read receive type painting.
334,597,2025-07-07,Failure,Case front reality window mouth pattern as.
335,935,2024-12-03,Success,Environmental even eye message fine town trade not.
336,482,2025-05-21,Success,Win court friend put everything our.
337,862,2024-10-12,Failure,Shoulder three cause show far.
338,390,2025-07-10,Pending,Republican need daughter leg minute bring.
339,593,2025-02-03,Pending,Police day so store consumer.
340,999,2025-03-23,Failure,Heart hot response usually learn game effort.
341,985,2025-02-05,Pending,Education whom spend worker.
342,325,2025-02-24,Failure,At speech effort.
343,69,2025-05-14,Pending,Lawyer yard on everyone note current anything.
344,660,2025-06-20,Failure,Physical majority blue join finish cause.
345,448,2024-11-23,Pending,Guess soon approach suggest.
346,528,2025-05-11,Success,Blue movement camera benefit sea.
347,819,2024-10-03,Failure,Daughter through note act front person.
348,617,2025-03-22,Failure,Exist drive determine page seem.
349,165,2025-08-02,Pending,Government door age once several commercial whom.
350,488,2025-02-03,Failure,Data pattern west before science without.
351,713,2025-04-28,Failure,Special buy east image drug.
352,709,2024-12-31,Failure,Close community detail blue draw final often outside.
353,426,2024-10-26,Success,Land discussion suggest impact know character.
354,697,2024-08-27,Success,Sure seek age share day pull.
355,834,2025-07-20,Pending,Smile model focus material past study.
356,265,2025-01-07,Success,Day certain back student raise collection identify design.
357,875,2025-07-16,Pending,If eat fact discuss over like.
358,612,2025-02-15,Success,Rather none population.
359,342,2025-06-13,Pending,Laugh son home generation.
360,832,2025-05-05,Success,After job knowledge interest join give.
361,726,2024-12-30,Success,Hand young long collection table.
362,278,2025-05-27,Pending,Out special suffer without hair set bed.
363,674,2025-01-29,Failure,Begin receive anyone bad.
364,439,2024-11-09,Failure,Laugh fall teach everything trouble.
365,157,2025-04-14,Success,Important coach at the per.
366,422,2025-03-23,Pending,Pressure six west walk compare nature walk.
367,251,2025-07-24,Failure,Door space crime Republican.
368,878,2025-08-10,Pending,Significant especially situation move.
369,609,2025-08-17,Failure,Network hard condition move cost skin for.
370,530,2024-10-31,Pending,Short message again mean.
371,327,2025-01-13,Success,Hour cold light suffer.
372,961,2025-01-10,Pending,Technology strong off evidence early.
373,895,2024-10-26,Failure,Report require class paper.
374,97,2025-08-15,Success,Attack help a.
375,513,2025-06-04,Pending,More majority senior nearly risk threat level.
376,216,2024-08-22,Failure,Government painting responsibility see seem model imagine.
377,132,2024-11-02,Success,Teach call already available yes success break.
378,260,2025-02-05,Pending,Him federal agency maintain seek democratic.
379,125,2025-01-05,Failure,Last opportunity serve cause.
380,82,2025-03-10,Pending,How central too tough education.
381,283,2024-11-01,Pending,Letter let think leg indeed anything.
382,683,2024-08-20,Success,Today two far apply.
383,59,2025-04-02,Success,Travel thought the back family start necessary.
384,544,2024-12-16,Failure,Value than look.
385,161,2024-12-23,Success,Former financial medical action big season.
386,284,2024-09-23,Failure,Especially agency despite minute agency idea sometimes.
387,106,2025-08-06,Pending,Get force happy song one third serve.
388,105,2025-01-08,Pending,Shake already single rock not attack.
389,439,2025-08-08,Failure,Usually help produce key.
390,228,2024-11-24,Pending,Century several cultural pattern every.
391,700,2025-03-01,Success,Among field well create notice.
392,582,2025-08-10,Pending,Son third interview nothing wrong decision.
393,318,2024-08-23,Success,Clear also road skin.
394,464,2025-04-10,Failure,Life wonder understand management bag.
395,802,2024-12-02,Failure,Speech garden road head light what officer.
396,599,2024-08-31,Pending,Threat sport former professor money property structure.
397,882,2025-04-26,Pending,Mind everything order to difficult against low foreign.
398,874,2024-12-02,Success,Feel win yard anything option soon election.
399,472,2025-04-24,Success,Never such despite what.
400,56,2025-02-19,Pending,Toward unit recently media include hundred note.
401,625,2025-01-19,Pending,Ball class loss up at.
402,13,2024-09-04,Failure,Unit arm image it increase within.
403,440,2025-05-15,Failure,Visit brother dog these man when.
404,18,2025-05-18,Failure,Degree involve dog during source from our order.
405,694,2024-11-24,Pending,Beyond bank scene change.
406,973,2024-12-02,Pending,Manage begin wide space possible yeah.
407,113,2025-04-17,Pending,Likely allow fact.
408,229,2024-09-09,Failure,Quickly truth record program beautiful close.
409,171,2025-03-28,Pending,Form although old write pass.
410,295,2025-07-03,Success,Smile today station make environment.
411,189,2024-08-29,Pending,Past moment story expect assume.
412,426,2025-07-19,Pending,System church simply method market difference exist hotel.
413,977,2025-05-23,Pending,Professor reason special grow meeting family.
414,79,2025-08-13,Pending,Individual us some suggest program decision.
415,658,2025-02-16,Pending,Chance choice bag onto brother blue large.
416,919,2025-04-10,Success,Reveal executive four floor.
417,182,2025-04-20,Success,Responsibility itself but popular wall.
418,499,2025-02-10,Pending,Role few remember time prevent hair hospital.
419,798,2025-02-24,Failure,At all table edge cost marriage.
420,762,2024-10-24,Pending,Situation television last staff seat religious.
421,866,2025-02-17,Pending,When seem test contain than clearly.
422,826,2025-06-05,Pending,Indeed main write challenge this.
423,708,2025-07-23,Failure,Mention manager everyone dark Congress.
424,835,2025-04-26,Failure,Side place represent.
425,71,2025-06-05,Failure,Health able lot station may decision forward probably.
426,248,2025-03-17,Success,Event hospital more opportunity unit cultural show.
427,146,2025-06-27,Failure,Lawyer rest natural.
428,618,2024-09-27,Success,You lead expect adult operation whole artist.
429,775,2024-09-01,Success,Upon trial participant discuss firm opportunity.
430,296,2025-01-08,Failure,Enter through system stage protect often house.
431,582,2024-08-29,Failure,Most American weight.
432,470,2025-04-13,Failure,Dream able answer away sort movement tonight.
433,506,2025-07-31,Success,Administration than run short small shoulder.
434,193,2025-05-22,Pending,Market oil move.
435,68,2024-10-16,Failure,Explain break dog writer night forget nation.
436,494,2025-05-19,Failure,Add involve forget early look.
437,817,2025-05-30,Failure,Candidate see election price.
438,52,2024-10-25,Success,Indeed town daughter clearly best.
439,882,2025-07-22,Success,Finally my nature attention work.
440,363,2025-07-14,Pending,Table about dream single.
441,797,2024-10-08,Failure,Whole box later building she.
442,917,2024-09-19,Success,Let business property everything bar smile good.
443,474,2025-01-27,Pending,Southern nation economy adult trial source.
444,846,2025-07-07,Failure,Yeah class garden miss.
445,521,2025-07-12,Success,Create yard serious goal future home series.
446,763,2024-10-03,Failure,Southern simply I cold.
447,431,2024-09-08,Failure,Point similar security at year dinner prevent tree.
448,844,2025-02-06,Success,Newspaper leader focus hard tonight already could.
449,298,2025-04-22,Success,Green write value possible indeed study wide.
450,435,2025-05-20,Success,Be successful organization no bring career manager.
451,696,2024-09-11,Failure,Rise future person allow structure first fine.
452,691,2024-12-18,Failure,Fall teach area feel who carry.
453,198,2024-09-24,Pending,Staff yourself exactly sure wonder.
454,128,2025-07-17,Failure,Hair marriage school imagine ago expect continue.
455,532,2025-03-17,Success,Thank use owner surface.
456,984,2024-12-03,Failure,Box window should five buy office.
457,411,2025-07-15,Pending,Song discuss everybody success nearly must teacher speech.
458,934,2024-11-01,Pending,Very that national trade price beyond idea.
459,840,2025-04-29,Success,Find there behavior.
460,65,2025-04-13,Success,Especially appear attention we open blood.
461,694,2025-05-31,Pending,Amount special image blood city vote time.
462,241,2024-08-24,Pending,Bank collection possible notice term.
463,369,2024-12-25,Pending,Speech like rock call scene state radio draw.
464,536,2025-07-09,Success,Accept mission event some simply could.
465,384,2025-05-05,Pending,Draw involve party home stay fall carry.
466,431,2025-07-13,Pending,In official especially pattern threat religious effort painting.
467,967,2025-08-02,Success,Within if course.
468,83,2024-12-18,Failure,Reality office sport oil whose.
469,982,2025-08-01,Failure,Car American your seat rule.
470,831,2025-05-20,Pending,Card design where off prepare response.
471,697,2024-10-22,Failure,Including game language.
472,951,2025-08-04,Failure,Right size than foot.
473,828,2025-04-02,Failure,Her million every production tax certainly.
474,611,2025-05-25,Failure,Good thank teach production majority we.
475,574,2025-01-07,Pending,Any able less article threat arrive.
476,286,2025-03-06,Failure,Modern data book expert exist computer shoulder.
477,989,2024-08-23,Failure,Size morning only girl popular last read.
478,534,2025-08-18,Success,Style white especially lose just.
479,459,2025-05-03,Pending,Admit doctor magazine despite.
480,212,2025-01-21,Success,Meeting value body return miss ready even.
481,126,2025-01-26,Success,Son second after note those drop executive.
482,413,2025-07-09,Pending,Serious protect new party sometimes.
483,499,2025-05-04,Failure,Two physical within about when force ready.
484,425,2025-05-05,Success,Information game loss cost run result interesting.
485,554,2024-09-10,Pending,Only pick prove whether north.
486,610,2024-09-12,Failure,Benefit line cultural each animal from.
487,961,2024-10-31,Pending,Serve mouth manage issue none ready billion.
488,543,2025-07-04,Success,Discuss term day include.
489,158,2025-06-09,Failure,Bill wrong nature responsibility.
490,112,2025-02-28,Failure,Scene despite best either truth.
491,402,2024-10-14,Pending,Build exactly open last decide future.
492,759,2025-05-28,Failure,Partner behavior economy our second.
493,122,2024-11-29,Success,Analysis ready must price receive.
494,273,2024-09-19,Success,Unit majority yeah.
495,294,2024-10-24,Success,Thought beyond mean director offer a.
496,398,2025-02-06,Pending,Various send news clearly school wonder.
497,471,2024-09-04,Failure,Again every common church scene run cultural.
498,985,2024-12-03,Failure,Culture far article last peace.
499,207,2025-04-11,Failure,Brother treatment daughter.
500,110,2024-11-03,Success,Series seven strong it reach street city her.
501,440,2025-05-12,Failure,Hear mouth range throw.
502,278,2025-03-02,Success,Be church available indeed.
503,963,2025-01-23,Failure,Director spend entire minute never quality.
504,568,2024-10-24,Success,Together true worker though church young mouth note.
505,887,2025-04-21,Failure,Interesting particularly some evidence employee degree safe.
506,915,2025-06-04,Pending,Cultural far significant.
507,569,2025-07-11,Pending,Until themselves break reason too discover record.
508,940,2025-07-09,Success,Nice house power Republican.
509,482,2025-08-18,Success,Apply conference then sometimes.
510,803,2024-08-19,Failure,Traditional meet parent this drop.
511,114,2024-12-16,Failure,Base modern behavior end nature stock analysis.
512,893,2024-12-02,Pending,Sure day sort determine player military person.
513,897,2025-03-23,Failure,Instead plant bag set.
514,820,2025-01-01,Success,Clearly everybody suggest air she sister simple.
515,853,2024-10-02,Success,Television rich base.
516,477,2024-12-28,Success,Serious space one bar.
517,710,2025-02-15,Success,Lose south keep thus positive.
518,933,2025-03-26,Success,Skin security painting rest.
519,321,2025-07-08,Pending,Fine public some mean face factor.
520,179,2025-05-15,Pending,Be spend outside office.
521,897,2024-09-20,Success,Expert mission should character station eye perform.
522,219,2025-03-25,Failure,Fire light medical.
523,789,2025-08-14,Success,Ago out able end early generation game.
524,949,2025-02-13,Pending,Rich every change help but include.
525,528,2024-09-21,Success,Memory wrong hard any financial.
526,492,2024-10-02,Pending,Size heart among research.
527,891,2025-08-09,Pending,Like image drive own pass least great your.
528,61,2024-09-22,Success,Single well task moment call art soon up.
529,54,2024-10-27,Success,Education more three trip school energy.
530,680,2025-05-28,Failure,While popular natural list they.
531,538,2024-09-20,Pending,Middle her shake month ask.
532,848,2024-10-29,Failure,Drug pull center hundred question.
533,988,2024-12-19,Success,Miss population project film.
534,65,2025-04-04,Pending,Citizen drug information response happy.
535,612,2025-04-18,Failure,Issue bit whether edge left American hope.
536,586,2024-08-25,Failure,Hope great seek serious term amount idea director.
537,704,2025-06-11,Failure,Future raise family where treatment age.
538,171,2024-10-22,Success,Like film society tell.
539,273,2025-06-20,Success,Office spring measure truth sign room happy.
540,889,2024-08-22,Success,Recently million store every rise care particular.
541,699,2024-11-10,Pending,Purpose future face police.
542,535,2025-04-22,Success,Draw trouble decade share great.
543,391,2025-01-10,Pending,Election fire remember house develop center bill.
544,940,2025-02-12,Failure,Represent lawyer letter these.
545,693,2024-09-18,Failure,Name paper cup order.
546,327,2025-07-24,Success,Quickly manage care popular yourself always image alone.
547,108,2025-05-26,Failure,What truth partner measure.
548,847,2024-11-21,Success,Yard believe whether teach single result.
549,162,2024-12-15,Pending,Through action continue star young ahead blood.
550,814,2025-07-09,Failure,Born campaign others under each help.
551,452,2025-05-09,Success,Pm market role statement other whether traditional.
552,206,2025-04-24,Failure,Think quite hot.
553,590,2025-08-03,Failure,Society care around find audience but moment sign.
554,16,2025-07-19,Success,Board factor discuss morning gas.
555,327,2024-10-31,Failure,Only series imagine.
556,608,2025-06-04,Failure,Spring citizen democratic own.
557,659,2025-06-07,Failure,Available later friend industry.
558,2,2025-05-31,Failure,Effort already second room.
559,10,2024-10-08,Pending,Mind imagine section stop.
560,434,2024-12-16,Failure,Again society down very investment whom season mind.
561,125,2024-09-07,Failure,Bring can sister adult.
562,81,2025-01-12,Success,Want themselves area.
563,485,2025-05-19,Pending,Guess huge parent stand several.
564,652,2024-12-07,Success,Child lay fly seat beyond compare.
565,838,2024-10-26,Success,Effect future appear involve nearly.
566,150,2024-12-04,Success,Occur magazine suggest interesting no total.
567,800,2024-10-11,Pending,Decision modern enough see American drug to above.
568,873,2025-03-25,Success,World sister garden down television tree say.
569,340,2024-12-18,Success,Carry animal do hear rich apply project.
570,129,2025-01-25,Success,Reality adult state medical year oil ask.
571,438,2024-11-13,Failure,Experience consider administration yet yeah.
572,751,2025-07-08,Success,Southern idea our of wall inside person space.
573,501,2024-10-30,Pending,Store politics service second put.
574,58,2024-12-01,Pending,Bed mission certain situation often PM notice.
575,198,2025-07-27,Failure,Form bill again matter.
576,211,2024-11-03,Pending,Notice society task well three.
577,914,2024-10-25,Pending,Continue sister standard family.
578,902,2024-12-10,Failure,Simply involve nor whether.
579,45,2024-11-26,Success,Imagine record wrong list.
580,97,2025-05-15,Failure,Policy lead individual through politics community.
581,279,2025-02-04,Success,Finally wall right mind determine.
582,535,2024-11-28,Success,Traditional practice together minute price night admit standard.
583,410,2024-09-22,Pending,Stock today whether thought brother.
584,461,2025-02-24,Failure,Total not its air.
585,391,2025-01-02,Pending,Image several name chair.
586,847,2025-03-30,Pending,Behavior nearly of general piece.
587,44,2025-01-06,Success,Address loss international public rate.
588,27,2024-12-31,Pending,Short southern finish front.
589,794,2025-06-13,Failure,Edge court environment must.
590,97,2025-04-24,Pending,Onto significant sure evening together.
591,975,2025-03-09,Pending,Strategy clearly sell.
592,548,2025-02-08,Success,According system its.
593,621,2025-07-06,Failure,Traditional home your bring woman hit.
594,567,2025-04-20,Pending,Avoid property sport friend wide.
595,704,2025-05-11,Success,Answer at month.
596,219,2025-07-07,Pending,Possible bag picture available scene approach imagine concern.
597,185,2024-10-23,Failure,Miss the we politics phone anyone happy point.
598,69,2024-09-01,Pending,Admit manager kind example class.
599,829,2025-07-08,Pending,Those rise several in candidate case affect.
600,130,2025-04-02,Success,Second man personal listen.
601,567,2025-01-14,Pending,Type word not usually at sing.
602,890,2024-10-17,Success,However model move.
603,609,2025-03-14,Failure,Wife cup law become.
604,848,2025-03-26,Pending,West fire resource commercial.
605,599,2024-11-07,Failure,Trouble husband level until less daughter.
606,806,2025-05-17,Failure,Question bad clear here.
607,631,2025-02-02,Pending,Seek draw message prove car.
608,720,2024-12-30,Success,National with heavy couple language through nation.
609,334,2025-04-25,Failure,Enough any which ten follow.
610,925,2025-06-28,Failure,Ten family amount stage.
611,154,2025-05-09,Pending,Every yet door daughter economic big.
612,547,2025-06-23,Pending,Move until toward scientist matter message trip.
613,79,2024-12-08,Pending,Add claim begin man.
614,579,2024-11-06,Pending,Movie consumer pick end us information occur future.
615,855,2024-12-28,Pending,Six rather just serious term discuss state.
616,413,2025-05-16,Pending,Theory summer concern race five.
617,546,2025-03-01,Success,Full occur last.
618,609,2025-03-20,Failure,Manage reflect name.
619,169,2025-07-06,Success,Idea until budget long article team.
620,681,2025-06-02,Success,Door if sister chair society half able.
621,663,2025-06-22,Pending,Century probably color difference glass purpose beat.
622,583,2024-11-30,Failure,Quickly process address friend writer view.
623,515,2024-09-22,Success,If change authority prepare view.
624,314,2025-03-05,Pending,Word catch nothing why.
625,32,2025-06-14,Pending,Western newspaper move radio dog perhaps my situation.
626,287,2024-11-07,Failure,Well camera truth.
627,594,2024-11-26,Success,Sometimes week reality discover success item.
628,43,2024-11-10,Success,Respond economy why possible fear paper suffer particular.
629,903,2025-02-15,Success,Picture positive exist later nation leader special.
630,617,2024-11-27,Pending,Receive kid ground.
631,1,2024-08-30,Failure,Dog name language local.
632,573,2025-08-11,Failure,Shoulder prevent ago past ever sister white.
633,270,2024-10-01,Success,Rest professional left particular.
634,180,2025-03-06,Pending,His change perhaps trip media responsibility child.
635,736,2025-04-30,Success,Floor officer management seek.
636,518,2025-04-20,Failure,Five modern human control personal down appear.
637,103,2024-10-29,Pending,Third professional test sense hope.
638,10,2025-02-18,Success,Forward lead although pull collection tonight compare second.
639,583,2024-10-11,Success,Environmental consumer model leave hour cell.
640,90,2025-02-15,Pending,Family point plant card mouth office especially hot.
641,226,2025-04-02,Failure,Term create whether type various.
642,670,2024-12-21,Pending,If end range trouble cost seven.
643,740,2025-01-09,Success,Concern war home why commercial watch develop.
644,917,2025-03-24,Success,Gas part rather bill team.
645,126,2025-01-11,Success,Blood represent hard agent position million what.
646,956,2025-04-30,Success,Food particular series significant expert energy account.
647,209,2025-04-03,Failure,Physical build push mention officer.
648,97,2025-08-03,Failure,Trial out close current.
649,74,2024-08-31,Success,Old especially also stuff decision film.
650,627,2024-12-21,Failure,Family blue still dark describe community.
651,191,2025-05-17,Failure,Though stage live suffer modern draw international surface.
652,682,2024-09-27,Failure,Administration per well.
653,819,2025-04-19,Success,Recent poor board wear.
654,960,2025-01-04,Pending,Along government lead past.
655,716,2025-07-21,Pending,Receive model no painting.
656,56,2025-08-02,Pending,Serious according guess dog.
657,720,2024-08-21,Success,Money task give clear carry former speak.
658,553,2024-10-18,Failure,Indicate western tell on indeed senior.
659,32,2025-01-28,Failure,Kind fear cold manage full front scientist.
660,527,2025-02-18,Success,Must fund open who someone.
661,574,2024-12-25,Success,Skin success explain maybe fight pass.
662,667,2024-12-26,Pending,Whose speech into forward.
663,284,2025-04-26,Pending,Usually according always choose.
664,721,2025-08-03,Success,Head director positive discussion when.
665,832,2024-09-25,Pending,Poor stay yard break.
666,494,2024-10-29,Failure,Than attorney accept future almost daughter.
667,187,2025-08-07,Success,New consider beyond field surface modern.
668,498,2025-01-04,Success,History people respond century white real.
669,442,2024-12-14,Failure,Institution together small rest fall.
670,130,2024-10-20,Failure,Change according hand middle school cold.
671,639,2025-02-15,Failure,Explain wear attorney despite spend remain.
672,292,2025-03-18,Pending,Say couple as customer.
673,114,2024-10-29,Success,These population phone perhaps.
674,199,2025-06-06,Pending,Help account bed each.
675,13,2024-08-26,Failure,Majority daughter need generation mouth.
676,271,2025-02-04,Pending,Identify relationship professor computer Congress glass less.
677,601,2025-06-28,Failure,Section guy physical low her.
678,215,2025-04-14,Pending,Walk foot peace memory simply prove law.
679,444,2025-02-11,Pending,Drop bill apply than responsibility whether population.
680,790,2025-04-05,Failure,As reach cup skin.
681,512,2025-03-29,Pending,Understand pretty whom what unit.
682,447,2025-05-14,Success,Consider choice western travel degree in.
683,986,2025-02-02,Pending,Western run son price.
684,993,2025-05-28,Pending,Away field network century to foot hair who.
685,715,2025-01-20,Success,Talk music floor vote environment business right.
686,74,2025-02-17,Failure,Say think despite space face walk number.
687,537,2025-07-07,Success,Tend officer well marriage resource.
688,101,2024-11-20,Pending,Congress land station team.
689,176,2024-11-24,Failure,Able number key class former project.
690,427,2025-05-25,Pending,Life money marriage both make time force often.
691,117,2025-01-09,Pending,Watch million candidate agreement push will care.
692,166,2025-04-08,Success,However so television nature community third.
693,41,2024-12-27,Success,Set major specific rather letter.
694,429,2025-02-21,Failure,Media notice glass decision science relate head.
695,344,2025-05-08,Failure,Group door movement under sometimes two so.
696,424,2025-01-20,Failure,Dark everything few.
697,366,2024-12-12,Pending,Population spring talk off body at.
698,120,2024-09-02,Success,West the now up.
699,609,2025-08-13,Success,Age chance officer single.
700,657,2025-07-24,Success,See professional begin current everyone test memory arm.
701,728,2024-11-16,Failure,Treatment office yeah bar rather.
702,229,2025-06-10,Success,Behavior whose certain any character charge debate.
703,825,2025-08-16,Success,Term under whether improve.
704,130,2025-08-02,Success,Apply paper second become.
705,352,2025-08-12,Failure,Him bit tree among.
706,889,2025-03-02,Success,Return land rich product understand service usually cup.
707,318,2024-09-28,Failure,Section degree family court herself decade add condition.
708,984,2025-01-28,Success,Since billion share example beyond.
709,649,2025-01-30,Success,Age next house modern two.
710,836,2025-06-14,Success,Office force care.
711,337,2024-11-30,Failure,Expert can style option red happen whose return.
712,273,2025-03-30,Failure,Special save ability us.
713,117,2025-01-20,Success,Other campaign reason market admit best why.
714,818,2025-04-05,Pending,Center course very near.
715,368,2024-08-29,Failure,Happen film under deep agree walk thousand.
716,94,2024-10-20,Failure,Agent wrong us institution.
717,168,2025-03-04,Success,Pass look newspaper everyone coach people.
718,954,2024-10-21,Pending,Responsibility who issue technology against direction.
719,715,2025-08-11,Success,Team most war blood.
720,341,2024-12-12,Failure,End tell still range politics develop.
721,661,2025-07-28,Failure,Allow around admit guy toward.
722,914,2025-04-06,Success,North shoulder later institution skin performance he.
723,695,2025-05-15,Success,Quality your head interesting common early look blood.
724,925,2025-03-09,Pending,Left able analysis arrive budget.
725,152,2024-11-03,Pending,But debate south say include discover last.
726,586,2025-03-26,Failure,Shake bed class might name.
727,877,2025-06-05,Pending,Best risk hand blue or than board.
728,913,2024-10-11,Pending,Region less crime amount laugh east.
729,274,2024-10-07,Failure,Republican forward why spend explain wide west.
730,554,2025-05-02,Failure,Feel song company region agent north consider.
731,496,2024-12-25,Failure,Teacher put land region other many daughter.
732,724,2025-06-20,Failure,Accept current provide the customer I state.
733,101,2024-09-07,Success,Two stuff threat join chance good.
734,557,2024-09-22,Failure,Modern store record little.
735,82,2024-12-16,Failure,Arm entire increase.
736,529,2025-06-21,Failure,Financial form operation sense.
737,73,2025-06-11,Pending,Anything open project buy.
738,14,2024-10-11,Failure,Also see enjoy door should.
739,433,2025-06-25,Success,Attack resource serious teach piece especially able.
740,157,2024-12-30,Success,Property remain first common eight.
741,735,2025-02-12,Failure,Maybe space father store start upon house paper.
742,132,2025-01-18,Success,Police possible cup opportunity rate sport him.
743,338,2024-10-21,Pending,Seek bill traditional western chance machine weight.
744,404,2025-02-12,Failure,Look entire do company focus consumer say.
745,376,2024-08-18,Success,Prove organization old treatment yet land address.
746,888,2025-04-30,Success,Close issue write produce ago.
747,559,2024-10-14,Failure,Anything leave tough such black improve subject.
748,107,2024-11-03,Success,Piece produce else.
749,620,2025-07-26,Failure,Want son dog range seem number other.
750,265,2024-10-23,Success,Large chair born wish while room Mr personal.
751,205,2024-12-13,Pending,Until meet spring surface wife.
752,79,2024-12-15,Success,Thus fight catch serious later they.
753,155,2024-09-18,Success,Miss scene do work win health.
754,783,2024-10-28,Failure,Much article agent.
755,988,2024-11-17,Success,Another listen list behavior successful success herself.
756,997,2025-07-17,Failure,Federal idea share property.
757,247,2024-11-04,Pending,Memory matter stage establish.
758,531,2025-02-03,Failure,Outside interest tough character.
759,858,2024-09-22,Failure,Official yourself us local play environment.
760,948,2025-05-26,Success,Great require else so so interest great analysis.
761,538,2024-11-21,Pending,Politics computer exist throw real next four.
762,729,2024-10-16,Failure,Government single least something source prove.
763,154,2025-05-10,Success,Consider policy those unit reduce executive.
764,154,2025-03-21,Success,Heavy national result very investment enter memory charge.
765,686,2025-07-12,Failure,Activity night bill central wonder green.
766,92,2025-06-15,Success,Stay image my by maybe.
767,433,2025-01-10,Failure,Whether single entire hundred recent direction American.
768,338,2024-08-19,Failure,Case else look wrong send knowledge.
769,480,2025-02-19,Failure,Attention against strategy become available your both.
770,693,2024-10-18,Pending,Group sense outside spring your.
771,131,2024-12-29,Failure,Resource blue degree rest thus.
772,450,2024-09-25,Success,Cost eat truth fly memory hundred.
773,993,2025-02-16,Pending,Travel growth what.
774,810,2025-03-19,Success,Many energy pattern investment practice.
775,787,2025-05-11,Pending,Recent event skin indicate suddenly.
776,273,2025-01-18,Pending,Sense machine treatment section significant camera else.
777,929,2025-05-16,Pending,Of national among must traditional able husband.
778,588,2024-11-08,Pending,Certainly even kitchen including summer bit difficult.
779,177,2025-08-07,Success,Performance try phone water national pattern.
780,696,2025-02-17,Failure,Pay trip recognize ok recent near find.
781,831,2025-05-04,Success,High fine throughout bed future end finish.
782,643,2025-01-11,Failure,Book party reveal.
783,875,2025-07-06,Success,Around reach local guess.
784,49,2025-02-13,Pending,Threat and box listen institution rock.
785,567,2025-05-19,Pending,Strategy Mrs side space debate.
786,666,2024-11-20,Failure,Eat wish positive beyond often foreign.
787,355,2025-06-10,Failure,Argue magazine any order prepare feeling career morning.
788,712,2025-08-09,Success,Economic another turn your radio ever total technology.
789,308,2024-09-24,Failure,Itself marriage anyone smile energy add so financial.
790,868,2025-01-15,Success,Tend majority kitchen Mr ahead late.
791,885,2024-10-06,Failure,Should who court media part.
792,630,2024-12-19,Failure,Capital tax hard sometimes then situation.
793,775,2025-06-10,Failure,Side from eye board.
794,46,2025-08-16,Pending,Free part director approach reason push civil cost.
795,302,2024-10-08,Pending,Charge Congress seven later.
796,868,2025-01-20,Success,Really listen husband shake party hope billion.
797,912,2025-06-14,Failure,Exactly work begin treat.
798,408,2024-12-23,Success,Spring economy someone police year accept toward.
799,189,2025-08-01,Failure,Address listen might how represent yard campaign.
800,822,2024-12-05,Pending,Common other walk know.
801,830,2025-07-02,Pending,Us event care.
802,129,2025-05-07,Failure,Society table police interesting challenge book.
803,561,2025-05-28,Failure,Apply more director service.
804,537,2025-07-22,Pending,Garden involve recent role term mother leave.
805,266,2025-01-29,Pending,Wind player happy enter method finally.
806,118,2025-04-06,Success,Public reason discussion food.
807,464,2025-01-17,Pending,Gun sell wear another put.
808,144,2025-03-13,Failure,Effort present expect level science thank.
809,442,2024-09-14,Success,Born war child require.
810,200,2024-12-30,Failure,Experience Mr she room man vote safe.
811,157,2025-02-23,Success,Late top huge deal.
812,487,2025-05-05,Failure,Population question coach college court.
813,860,2025-06-01,Pending,Much rate standard today government actually myself.
814,134,2025-04-02,Failure,Parent hit east among.
815,912,2024-08-28,Success,Resource create hit yes without foot.
816,148,2024-11-12,Failure,Me certain person director summer thing activity.
817,336,2025-07-27,Success,Method resource how listen.
818,71,2025-04-11,Failure,Method attack interesting writer everything.
819,233,2024-10-26,Pending,True western energy into stay.
820,334,2025-06-12,Pending,Standard these read little people.
821,811,2024-11-17,Failure,Relate need administration rather sense song prove.
822,666,2025-01-08,Failure,Poor but Mr whether mention.
823,90,2025-01-05,Failure,Them save sound nothing international.
824,334,2024-12-27,Success,Month simply those share out fill world loss.
825,199,2025-02-28,Failure,Study bit style race.
826,161,2025-07-03,Failure,Heavy already become rock our.
827,538,2024-08-18,Success,Report company car data news difficult.
828,121,2025-04-12,Pending,Clear dog nothing billion wish world process.
829,301,2025-04-07,Failure,Air turn church thing decide common term.
830,724,2025-06-05,Failure,Republican news deep.
831,575,2025-01-19,Pending,Building staff address discover.
832,963,2025-08-08,Pending,Administration reality history.
833,436,2024-09-17,Success,Here and ahead subject others test.
834,68,2025-04-25,Failure,Resource business natural stand country himself behavior.
835,765,2024-11-15,Failure,True dog need up.
836,922,2024-10-10,Success,Political be member another lot.
837,459,2025-02-28,Pending,Situation short nearly catch fire impact.
838,514,2024-10-30,Success,First put best about safe yes lead seem.
839,398,2024-09-04,Pending,About stage everything forget.
840,620,2024-11-08,Success,Here street former total animal item to hope.
841,286,2024-12-13,Pending,Begin actually positive trouble federal.
842,561,2025-02-03,Success,Remember region through wall.
843,140,2024-09-23,Pending,Ability language food human stand.
844,730,2024-12-27,Pending,Especially peace among past happen no crime information.
845,556,2025-01-14,Pending,Family cell move nothing perform.
846,929,2025-04-29,Pending,Home learn address doctor.
847,781,2024-10-26,Pending,Newspaper mind play brother more radio.
848,590,2025-01-30,Failure,Sit authority air sort investment guy such.
849,728,2024-10-15,Pending,Lawyer help really door against beautiful it.
850,894,2024-12-06,Failure,Lawyer white miss next their herself.
851,610,2024-12-16,Pending,Within network accept want today.
852,748,2025-01-15,Failure,Various wait six guess member will.
853,282,2025-05-07,Failure,Leave lead relationship provide.
854,661,2025-07-02,Success,Major his continue avoid.
855,924,2025-02-20,Pending,Pull strong necessary exactly part or vote.
856,816,2024-08-31,Success,Entire class owner local mention avoid.
857,996,2024-11-27,Success,Specific think tree.
858,936,2025-01-28,Pending,Return hand trouble black network.
859,578,2024-10-26,Success,Health street animal itself media.
860,746,2024-10-20,Pending,Suddenly center suddenly.
861,457,2025-01-19,Success,Market a off visit anyone place.
862,87,2025-05-09,Pending,Understand together improve week least.
863,79,2025-03-06,Pending,Still everything ten yeah me.
864,205,2025-07-07,Pending,Particularly thought those evidence around magazine present.
865,791,2024-09-28,Failure,Consumer read response drive carry information hope.
866,337,2025-02-14,Success,Under some health loss arrive goal none.
867,254,2025-06-27,Failure,Before off window particular.
868,304,2024-09-19,Success,Though body staff beat control ball they.
869,380,2024-12-30,Success,Dinner stage soldier apply notice current.
870,130,2025-05-11,Success,Left special order.
871,596,2025-05-29,Failure,Above low town.
872,276,2024-09-26,Success,Theory off fine represent.
873,699,2025-04-29,Failure,Dinner position something miss including.
874,558,2025-07-18,Pending,Of tend include capital either what she.
875,899,2025-01-22,Success,Student because person return understand within.
876,183,2025-06-26,Success,Source specific bar top rise.
877,268,2025-06-27,Pending,Along forward child simple.
878,808,2024-08-22,Pending,Idea range attention throughout degree think so growth.
879,322,2024-10-19,Success,Model thing drop the character.
880,512,2024-12-19,Pending,Art television without itself seat language open.
881,612,2024-10-06,Failure,Wrong you through us me.
882,78,2025-03-29,Failure,Field computer son him wonder traditional why.
883,784,2025-03-02,Success,Image case answer free knowledge.
884,339,2025-01-14,Failure,Until relate hour large friend bag.
885,674,2025-05-11,Failure,City north role act alone view.
886,556,2025-02-10,Success,Blue management record room program outside.
887,509,2024-08-22,Pending,Between bar beyond single walk.
888,238,2025-02-22,Success,Over rather central south.
889,134,2025-04-28,Failure,Radio approach reflect collection agency response.
890,973,2025-05-05,Success,Try fire turn environmental wait radio.
891,192,2025-01-21,Success,Throw project consider.
892,356,2025-01-29,Failure,Size tonight ground while action teacher.
893,278,2025-06-13,Failure,Bad book Democrat.
894,18,2024-09-08,Success,Trade get something rather.
895,524,2024-12-13,Failure,Employee plant pay allow executive what manage share.
896,180,2025-01-30,Failure,Suddenly less nearly us remain.
897,123,2024-11-26,Failure,Purpose popular tree project stop answer work explain.
898,246,2025-06-02,Failure,Democratic fight return data today budget everyone call.
899,734,2025-04-21,Failure,There into media.
900,373,2024-10-02,Failure,Ask myself phone travel western.
901,51,2025-04-09,Pending,They pattern company nation get seek.
902,1000,2025-06-27,Success,Rather future animal hold almost imagine.
903,71,2025-06-25,Failure,Notice officer popular huge investment trial station.
904,480,2025-08-05,Success,Available hit keep enjoy.
905,560,2025-02-08,Pending,You may reason by threat.
906,19,2025-02-28,Failure,Production now eye ok white.
907,774,2025-01-09,Success,Technology after hotel learn serve suffer.
908,84,2025-06-17,Failure,Foreign design plan stock authority defense.
909,155,2025-02-17,Failure,Finish candidate hospital experience least effort.
910,565,2025-05-21,Failure,Article cost water reflect change smile film task.
911,619,2024-12-26,Failure,Address skin number poor.
912,357,2025-07-11,Failure,Stuff another each PM where new.
913,816,2025-03-13,Failure,Member drug charge total because hotel.
914,647,2025-01-06,Failure,Some pattern according to free.
915,443,2024-09-30,Pending,Free theory none so myself follow not.
916,69,2025-06-19,Pending,Because order order interest.
917,523,2024-10-26,Failure,House discuss successful industry.
918,143,2025-01-29,Failure,Something those center have.
919,192,2025-03-12,Pending,Cost eight work three reason call traditional.
920,387,2025-06-09,Pending,Before general class require.
921,378,2025-01-13,Pending,Accept country red collection positive part produce.
922,581,2025-07-21,Failure,Good travel size mission.
923,535,2025-05-07,Success,Reveal rather not its significant me deep.
924,693,2024-09-18,Success,Forward nearly room thing notice less.
925,293,2024-10-15,Success,Cold real high might remember seek significant.
926,9,2024-08-20,Success,Long she record teach attack.
927,271,2024-12-26,Failure,Participant choice training look common meeting.
928,387,2025-08-15,Success,Which financial apply benefit method collection.
929,93,2025-05-19,Pending,Class approach necessary past Mr personal stuff.
930,966,2025-04-04,Pending,Career watch arrive become everything.
931,529,2024-11-26,Success,Pressure room under team security.
932,154,2024-11-02,Pending,Instead well growth own.
933,405,2025-03-05,Failure,Red pull save same camera.
934,840,2025-06-29,Success,Without everybody research chance system.
935,149,2025-04-13,Success,Response marriage sure camera.
936,889,2025-05-27,Failure,During responsibility among since.
937,267,2025-07-22,Pending,Me individual though imagine.
938,422,2025-02-10,Failure,Culture radio station general soldier discuss.
939,840,2025-02-02,Failure,Lead green total benefit Mr car.
940,618,2024-09-05,Pending,Raise prepare wrong bed.
941,472,2025-02-14,Failure,Like her part team.
942,893,2024-12-05,Pending,Old what design want.
943,547,2024-09-02,Pending,Enough success score.
944,631,2024-10-04,Failure,At hit class nothing soon.
945,526,2025-07-21,Pending,Voice information add argue image.
946,503,2025-02-24,Failure,Why individual wide hotel west theory.
947,14,2025-02-12,Pending,Himself red upon.
948,778,2025-01-07,Success,Now sound gun art.
949,652,2024-09-06,Pending,Expert several effort prevent kid issue woman range.
950,806,2025-07-29,Pending,Show response nothing gas few page cold couple.
951,364,2025-04-07,Failure,History its street because.
952,119,2025-05-11,Pending,Eight skill program try.
953,238,2025-01-08,Success,Wait never fly pull big method.
954,546,2024-11-23,Success,Player western move manage worry wear pay.
955,169,2025-01-30,Pending,Us challenge drive find star be over radio.
956,522,2024-12-27,Pending,Determine nice source thought result.
957,634,2025-05-07,Success,Water wind cost hand arm.
958,913,2024-12-11,Failure,Door early we we alone ready back.
959,657,2025-06-11,Success,Summer more if hear responsibility have.
960,963,2025-07-02,Success,Sing hospital ready push material somebody husband.
961,958,2024-08-27,Pending,Return wall trouble friend current.
962,735,2025-03-16,Pending,Job nor yard establish hit.
963,883,2024-11-29,Success,Since him southern issue town call computer experience.
964,769,2024-10-26,Failure,Movement traditional of.
965,780,2024-12-09,Success,True fill beautiful game set other follow vote.
966,871,2025-01-03,Success,High few land both two add thank.
967,516,2025-01-26,Failure,Carry happy response would enter.
968,938,2024-08-24,Success,Business sport apply property enter name.
969,397,2025-02-07,Success,Easy today wait staff feeling.
970,866,2024-12-22,Pending,Though degree special laugh include price.
971,106,2024-12-11,Failure,Difficult which quite adult move rather business.
972,85,2025-04-21,Pending,State turn center build happy near begin.
973,214,2024-08-31,Pending,Exactly choose guy wide evidence to item.
974,121,2025-04-06,Failure,Something employee such practice quickly any market.
975,132,2024-09-30,Failure,Thank value quality reality.
976,850,2025-01-03,Success,Someone themselves star development know laugh.
977,197,2025-05-29,Pending,Involve radio image crime about everything artist.
978,19,2024-09-01,Failure,Understand picture ground.
979,642,2025-03-12,Pending,Sport usually as until.
980,12,2025-05-31,Pending,For mind worker already TV low.
981,81,2025-01-18,Failure,Role assume control leg.
982,330,2024-11-22,Success,Build ago feeling whose realize.
983,866,2024-10-25,Pending,Shoulder design huge south.
984,774,2024-09-19,Failure,Manager clearly along business.
985,392,2025-03-13,Success,Performance go child simply compare result.
986,637,2024-09-23,Pending,Population offer piece machine early campaign health past.
987,307,2024-10-05,Failure,Travel chance character really spring.
988,267,2025-05-27,Pending,Record couple mission part ability.
989,447,2024-10-13,Failure,Table reality stock site develop government.
990,441,2025-04-20,Failure,Dinner interview medical will.
991,895,2025-02-25,Pending,However traditional necessary learn memory home marriage.
992,652,2025-02-01,Pending,Share southern stop customer.
993,841,2025-07-30,Failure,Better man choose.
994,2,2024-12-02,Success,Government suddenly statement network.
995,520,2024-12-30,Pending,Question place consumer bed teacher program success.
996,762,2025-02-11,Failure,Type seven move election I customer.
997,651,2025-05-12,Failure,Send capital decide wide describe real.
998,636,2025-04-14,Success,Center claim Republican admit.
999,309,2024-11-20,Success,Senior factor young get.
1000,740,2025-08-09,Success,Child staff yard place contain safe government.
1001,522,2025-07-04,Pending,Help start peace year.
1002,469,2025-08-03,Failure,He any hope strategy player.
1003,212,2025-07-08,Failure,Ten each talk boy area however society.
1004,112,2025-08-15,Failure,Bit door magazine firm task.
1005,8,2025-05-29,Success,Sign president food add process.
1006,804,2025-07-02,Failure,Simple company produce meet expert.
1007,477,2025-03-09,Pending,Director stock list half as room.
1008,874,2025-03-27,Success,And five notice son view process happy.
1009,460,2025-02-12,Success,Within environment back short pull form.
1010,253,2024-09-02,Success,Admit value before result or.
1011,526,2024-09-16,Success,Opportunity late market source art.
1012,752,2024-12-22,Pending,Specific adult collection.
1013,438,2025-01-09,Failure,Project author term many.
1014,754,2024-09-01,Pending,Rock bed film wait.
1015,981,2024-10-13,Failure,During respond town per leg note law.
1016,854,2025-04-11,Pending,Not model democratic.
1017,661,2025-05-26,Success,International throw discuss something.
1018,236,2025-04-22,Success,Car present push agreement.
1019,306,2025-06-29,Pending,Receive white movement little name good.
1020,478,2025-07-26,Pending,Wait rate too recognize final.
1021,679,2024-09-26,Failure,Owner picture him final.
1022,20,2025-01-13,Pending,West public size.
1023,216,2025-03-05,Pending,Consider by animal building attorney success.
1024,855,2025-05-26,Failure,Main her year none lay TV.
1025,135,2024-09-17,Failure,According anyone cell why less fill name.
1026,905,2024-12-27,Failure,Market fear language late finally wait.
1027,129,2025-08-13,Pending,Staff history girl real almost teach.
1028,410,2025-04-22,Failure,Age each fire.
1029,422,2025-06-04,Success,Like also school window north.
1030,294,2024-12-13,Success,Cost less bad third not group notice herself.
1031,246,2025-01-29,Success,Day reason order rest conference glass.
1032,701,2025-01-20,Pending,More leg purpose interview.
1033,556,2024-08-26,Success,Would table pass trouble per.
1034,86,2024-10-28,Pending,Subject shake particularly give example price easy.
1035,556,2025-06-04,Pending,Send themselves walk factor determine remember.
1036,842,2024-11-25,Success,Social figure building notice.
1037,375,2025-05-25,Failure,Operation send drug relationship tax every late difficult.
1038,446,2025-04-28,Pending,Theory enough moment put price.
1039,378,2025-06-02,Success,Commercial different order matter campaign reveal rich.
1040,390,2025-07-26,Pending,Write protect mouth side mission.
1041,657,2024-09-17,Failure,Between citizen whose young set.
1042,51,2025-07-09,Failure,Can reality boy long analysis force tonight.
1043,242,2025-08-07,Success,Girl expert report include from song car.
1044,294,2025-02-02,Pending,Also act few note.
1045,920,2024-10-02,Pending,High ask rich development area.
1046,563,2025-06-22,Pending,Center say green.
1047,266,2024-10-31,Pending,Single daughter tell four.
1048,120,2025-03-27,Success,Ten more organization couple old physical.
1049,712,2024-11-27,Failure,White new involve south two participant want.
1050,917,2024-12-13,Success,Relationship need country receive however.
1051,248,2025-04-14,Pending,Be development my he those.
1052,70,2025-03-05,Pending,Three couple imagine usually scientist.
1053,853,2025-03-15,Failure,Teach crime leader.
1054,57,2025-07-15,Pending,Enter debate blue feeling.
1055,382,2025-06-22,Success,Research indeed scientist push price sit music.
1056,39,2024-11-20,Success,Allow social write.
1057,984,2025-05-14,Failure,Represent today notice exactly send where.
1058,801,2025-06-24,Success,Though president position win.
1059,443,2024-09-05,Success,Threat ask enjoy year few success.
1060,18,2025-01-10,Success,Choice Mr social hand.
1061,952,2025-03-28,Success,Clear spring participant.
1062,732,2025-02-17,Pending,Instead full large front the.
1063,825,2024-11-09,Success,Current card yes perhaps.
1064,756,2025-06-09,Failure,Act administration form of blue.
1065,352,2025-08-16,Failure,There discover detail effect life.
1066,972,2025-02-03,Success,Safe but too situation.
1067,816,2024-12-02,Failure,Usually action task center long particular.
1068,298,2025-06-04,Success,Eat security community politics decision back.
1069,283,2025-05-12,Failure,Travel same news election.
1070,586,2025-06-16,Failure,Color ahead establish truth society another music.
1071,110,2024-10-29,Success,Attention win ok scientist yourself side before.
1072,180,2024-12-03,Success,Whatever product car appear.
1073,938,2025-02-28,Pending,Around sport reveal trouble else third.
1074,544,2025-05-05,Success,Role when story live player manager station.
1075,746,2024-09-04,Success,Black skill over television understand anyone.
1076,794,2025-04-09,Pending,Policy dinner their key small light.
1077,25,2025-01-19,Success,Fund the ask choose.
1078,843,2025-08-06,Success,Always what site gas hour move Republican trip.
1079,791,2024-10-27,Pending,Water magazine physical later.
1080,738,2025-05-08,Success,Some between be without.
1081,57,2024-12-06,Success,Most whole among recent.
1082,180,2024-12-01,Pending,Indeed truth pass prove through together lawyer.
1083,232,2024-08-19,Pending,Television machine really.
1084,894,2025-01-23,Failure,Usually our good onto people edge great our.
1085,343,2024-11-06,Success,Management common center man.
1086,477,2024-08-25,Failure,Security economic newspaper consider again tax.
1087,799,2025-06-17,Failure,Certain heart heavy fly.
1088,576,2025-01-25,Pending,Opportunity position sure court crime.
1089,455,2025-04-30,Success,Realize staff dark.
1090,232,2024-10-07,Success,Family kind toward adult maybe.
1091,289,2024-12-02,Pending,Material out two activity let source action.
1092,213,2024-11-29,Failure,Pass help medical glass partner themselves.
1093,258,2025-02-13,Pending,Small large either reduce consider.
1094,530,2025-04-07,Success,Play decide way our first do.
1095,687,2025-06-20,Pending,Laugh marriage five color.
1096,929,2025-04-21,Success,Note adult ball human my center.
1097,229,2024-12-19,Failure,Card pressure of until character experience author under.
1098,226,2024-09-24,Success,Despite charge fish serious red I.
1099,596,2024-11-11,Failure,Each property speech position common performance.
1100,803,2024-11-13,Failure,Professional west amount help friend.
1101,435,2024-08-25,Success,Perhaps agree protect fund create.
1102,882,2025-05-20,Success,Development Mrs surface analysis.
1103,758,2024-12-22,Failure,Move surface region church standard base sure.
1104,402,2024-11-11,Pending,Wear common baby see.
1105,622,2024-09-11,Success,Production third represent Mrs thank myself movie.
1106,766,2025-04-12,Failure,Fear across shake body force news.
1107,88,2024-12-07,Failure,Hope writer seek student.
1108,584,2025-05-27,Pending,Amount home now.
1109,893,2025-05-21,Success,Trouble marriage point lose story minute simply.
1110,542,2025-04-11,Failure,Point example thank see simple budget.
1111,684,2025-07-05,Pending,Right design probably born cell us.
1112,309,2025-02-12,Failure,Condition cover admit real.
1113,906,2025-04-03,Success,Expect particularly mother.
1114,343,2025-01-28,Pending,Example magazine memory they.
1115,436,2025-04-21,Failure,Bed television land stay.
1116,177,2025-04-06,Pending,Open order party offer money prepare.
1117,139,2024-12-23,Success,Recognize book near arm themselves institution again.
1118,194,2025-03-16,Pending,Relationship artist girl culture.
1119,186,2025-01-16,Success,Much cover how their.
1120,218,2025-02-18,Failure,Focus another special.
1121,164,2025-08-14,Success,Each morning dog report very.
1122,161,2025-03-22,Failure,Ready understand successful pattern process north particularly.
1123,943,2024-08-22,Failure,Later move it state.
1124,525,2024-12-29,Success,Value tax concern new threat think.
1125,808,2024-12-28,Failure,Participant history smile where Democrat low too.
1126,601,2024-12-20,Pending,Measure play third white.
1127,836,2024-12-30,Failure,Computer lawyer easy need whole board.
1128,42,2025-07-03,Success,Couple professional social cut.
1129,915,2025-02-06,Pending,Response charge pull support room.
1130,210,2024-10-15,Pending,Glass cost say rock as.
1131,741,2025-02-13,Failure,Foot visit save red image time manage.
1132,862,2025-07-15,Failure,Practice institution pick have.
1133,275,2025-06-02,Success,Cold play various mission task spend easy avoid.
1134,954,2025-02-27,Pending,Level know important leave.
1135,279,2024-11-07,Success,Reason good order often mouth east realize.
1136,251,2025-03-12,Failure,Produce condition push wrong state character.
1137,310,2025-05-15,Pending,Heavy receive state move shake particularly.
1138,720,2024-10-23,Success,Offer behind food daughter pattern or.
1139,833,2025-05-06,Success,Gas difference evening itself.
1140,140,2025-01-16,Success,Shake scene though.
1141,792,2024-11-25,Success,Technology against environmental little share include opportunity young.
1142,546,2025-01-21,Success,Share off how again.
1143,821,2024-08-30,Pending,Network other film.
1144,904,2025-05-01,Success,Effort goal pay number if away meeting.
1145,530,2025-07-14,Pending,Soon suggest both left eye learn want gas.
1146,57,2025-03-27,Success,Run movie mouth young fall once.
1147,112,2024-09-17,Failure,Enter firm society.
1148,5,2025-04-20,Failure,Production method house act.
1149,410,2025-02-22,Success,Brother thought all huge.
1150,414,2025-03-23,Failure,Although hundred need top adult name establish.
1151,182,2024-12-30,Pending,Grow bit develop news much.
1152,13,2024-09-19,Success,Couple program American lot project must down.
1153,339,2024-11-06,Pending,Say energy take yes network indeed tend address.
1154,797,2025-06-04,Success,Small trip another defense quickly result service.
1155,259,2025-03-11,Failure,Big thousand sing green data treat.
1156,90,2025-01-08,Pending,Hold best end north stay without.
1157,616,2024-12-14,Failure,It notice me look return.
1158,891,2024-12-09,Failure,President most class.
1159,698,2025-06-05,Success,All piece daughter.
1160,250,2024-12-18,Pending,Thousand but discuss try field why.
1161,255,2025-02-09,Failure,Own visit hotel ever.
1162,588,2025-05-06,Success,Western next upon stand hear feeling.
1163,898,2025-02-15,Success,Help skin call.
1164,971,2024-08-29,Success,Travel particularly job local firm international.
1165,108,2024-10-17,Failure,Contain talk by account.
1166,668,2025-04-17,Success,Democratic play process keep ahead.
1167,594,2025-04-02,Pending,Film too field eye size head development.
1168,589,2024-10-21,Pending,For benefit station discussion different accept.
1169,485,2025-04-17,Failure,Wide explain rock design.
1170,982,2025-01-01,Pending,Reduce technology other about.
1171,972,2025-03-25,Success,Hour probably water us attention.
1172,258,2025-02-01,Failure,Door single century wide manager international establish.
1173,639,2025-01-26,Success,Rule pay new Republican fly foot Congress.
1174,997,2025-06-11,Failure,Color success cause teacher big.
1175,903,2024-08-27,Failure,Within foreign happy base.
1176,282,2025-06-05,Success,Area trouble more PM.
1177,986,2024-12-06,Pending,Final behavior large film likely share.
1178,88,2025-03-22,Pending,Ground center just more sea.
1179,204,2025-06-02,Failure,Born smile leave ground feel.
1180,16,2025-02-24,Success,Least employee suggest owner already discuss member.
1181,151,2024-11-17,Success,Develop by design.
1182,936,2025-01-10,Failure,Them attention cut stay.
1183,254,2025-08-10,Pending,Truth woman interview also listen movement compare.
1184,188,2025-03-14,Success,Attention some lose little act still itself.
1185,329,2024-10-08,Pending,Range finish business reality impact story.
1186,544,2025-01-11,Pending,Unit rock lot south mention.
1187,783,2025-04-10,Failure,Mention tell green rate.
1188,997,2025-07-13,Failure,Fall thank market same kind.
1189,397,2024-10-04,Pending,Value or however usually would difference.
1190,517,2024-09-24,Success,Carry painting either heavy soldier energy.
1191,459,2025-01-18,Success,Apply onto one ahead already answer.
1192,330,2024-11-10,Failure,Never look officer most doctor use remember clear.
1193,820,2024-11-08,Pending,Music important miss toward.
1194,845,2024-09-29,Success,Practice hope save method.
1195,169,2025-03-27,Success,Father seem too prove right old just.
1196,693,2024-12-08,Failure,Treat he simple make play number senior.
1197,366,2024-10-26,Pending,Watch score successful anything.
1198,178,2025-07-19,Success,Author seat leg much.
1199,655,2024-10-18,Failure,Stuff star federal music police trade later bank.
1200,362,2025-06-11,Success,Unit seek more.
1201,760,2025-06-15,Success,Understand specific so some deal.
1202,639,2025-05-30,Success,Set civil yet word bit consider design.
1203,775,2025-01-20,Failure,Decide me sell.
1204,40,2025-03-19,Pending,Box bank early worry man much every.
1205,924,2025-01-23,Failure,Office thought age some prevent term.
1206,416,2025-01-01,Pending,Picture cold black life another firm night.
1207,355,2025-06-05,Success,Under one determine smile become stop.
1208,255,2024-11-10,Pending,Season Mrs again return which activity.
1209,143,2025-01-27,Success,Crime pull after season business drop.
1210,752,2025-08-02,Success,Bag eat tax call of listen care term.
1211,740,2025-04-07,Failure,Building rich amount arrive most step.
1212,853,2024-12-04,Success,Talk response amount foreign.
1213,710,2024-12-20,Failure,Federal research deal attorney.
1214,577,2025-06-13,Pending,Usually somebody most day serious cause.
1215,900,2025-01-06,Pending,Bad real meeting outside nothing decade.
1216,11,2025-04-19,Success,Sometimes art according free focus.
1217,620,2024-09-28,Failure,Bed plan factor program beat free.
1218,26,2025-05-02,Success,Star dream maintain control get theory.
1219,957,2025-07-27,Failure,Here early what party.
1220,421,2025-05-11,Failure,Stuff treat likely consider.
1221,663,2025-04-20,Failure,Talk name instead.
1222,221,2025-06-09,Pending,Important gas economic computer bank southern.
1223,853,2025-04-22,Failure,Attention relate include alone bit.
1224,496,2024-12-19,Pending,Where follow through friend the play federal.
1225,237,2025-03-01,Failure,Amount health buy country nice.
1226,237,2025-03-14,Pending,Career woman across.
1227,219,2025-03-12,Pending,Main decade care tax.
1228,487,2025-01-17,Pending,Enjoy else establish break.
1229,936,2024-11-13,Success,Discover first deep again in something industry I.
1230,461,2025-07-17,Failure,Phone reality about community measure shake everything party.
1231,663,2025-01-21,Success,She that senior go talk down story.
1232,635,2025-02-26,Failure,Mrs throughout career make law thousand.
1233,144,2025-06-07,Failure,Politics interesting need.
1234,990,2025-02-14,Success,World small serious stuff star simply she.
1235,189,2024-12-07,Pending,Data water opportunity.
1236,255,2025-07-04,Failure,Top medical day like prepare grow mention.
1237,68,2025-08-12,Pending,Democrat exist little add economy.
1238,616,2025-02-08,Success,Response painting performance both week.
1239,336,2024-10-17,Pending,Mention PM industry age nation.
1240,671,2025-08-11,Failure,Card enough cold always energy pretty.
1241,821,2025-07-23,Failure,Television discussion be alone.
1242,874,2024-10-25,Failure,Late care environmental evidence after religious.
1243,409,2025-01-20,Success,Ready stuff evening north city he sit.
1244,300,2024-12-08,Failure,Poor arrive lot pattern better plant certain.
1245,908,2024-08-19,Success,Name letter onto save listen.
1246,602,2025-03-12,Pending,Work tend off daughter concern back.
1247,357,2025-07-06,Failure,Success soldier control add strategy really pull.
1248,256,2024-12-25,Failure,Information blue stock appear.
1249,353,2025-06-10,Failure,Figure moment between high anyone.
1250,732,2025-02-14,Pending,Chance human reason.
1251,521,2025-04-29,Failure,Argue upon single all.
1252,524,2024-10-23,Success,Single door throw increase career number.
1253,837,2025-05-10,Pending,Important myself all fund little.
1254,950,2025-08-05,Pending,Air benefit during four something whole.
1255,756,2024-09-25,Pending,Sometimes democratic left.
1256,694,2025-01-13,Pending,Sell alone later civil board.
1257,284,2025-03-31,Pending,Spend not sea line away hope central.
1258,312,2025-04-28,Success,Agent statement first two.
1259,99,2025-01-27,Pending,Sea society your book cold.
1260,197,2025-01-27,Failure,Listen according either each.
1261,482,2025-01-24,Pending,Work certain difficult.
1262,878,2024-10-30,Pending,Fall skill total contain certain.
1263,226,2025-04-22,Pending,Address garden Democrat onto sense center.
1264,845,2024-08-29,Pending,On figure statement.
1265,615,2025-04-15,Pending,Third heart against purpose inside personal firm.
1266,618,2024-11-13,Success,Type like bad letter stand.
1267,365,2024-10-10,Success,Agency wife care way still grow music.
1268,368,2025-04-11,Pending,Him capital blood property.
1269,570,2025-04-15,Success,Western Mr two before south music.
1270,590,2025-03-01,Failure,Year reflect run sort those effort.
1271,75,2024-09-18,Pending,Into these wonder purpose camera less yourself.
1272,42,2025-04-07,Failure,Matter especially lay.
1273,422,2025-03-27,Failure,Memory discuss start.
1274,836,2025-05-29,Pending,With with body allow factor suffer candidate.
1275,181,2025-01-23,Failure,Feeling anyone number risk more statement.
1276,545,2024-08-26,Failure,Hotel while personal street size.
1277,71,2024-12-22,Failure,Everything especially join last week.
1278,568,2025-04-11,Pending,Citizen difference whole improve ever could research.
1279,105,2024-11-23,Pending,Collection young current.
1280,200,2024-10-21,Failure,Rather sea term grow forget these seven.
1281,101,2025-03-27,Pending,Article adult million.
1282,768,2025-04-17,Pending,Soldier season yes law order.
1283,307,2025-02-17,Failure,Above might occur sing yourself building budget sometimes.
1284,586,2025-05-10,Pending,Often task begin.
1285,683,2024-09-22,Success,Send physical star catch manager value score.
1286,377,2025-01-08,Pending,Pull war officer least respond and across somebody.
1287,655,2024-08-26,Success,Feel writer week wall term natural.
1288,678,2025-06-02,Failure,Yourself home American age others subject operation.
1289,399,2025-04-08,Pending,Range eat budget benefit strong.
1290,773,2025-07-27,Failure,Bar benefit think five product new hard.
1291,221,2025-06-20,Failure,Form center of source change.
1292,595,2025-04-29,Failure,Country employee summer.
1293,182,2025-01-16,Failure,Attention data several.
1294,307,2025-03-20,Failure,Include air focus want parent.
1295,522,2025-03-04,Pending,Exist three event identify kid.
1296,396,2025-07-19,Success,Believe nearly environment.
1297,4,2024-10-31,Pending,Special relationship much.
1298,863,2025-07-14,Pending,Read charge case development.
1299,914,2025-08-07,Pending,Others short why chance three cell most.
1300,848,2024-10-19,Pending,Thought market read toward life smile grow.
1301,1000,2025-02-11,Success,In civil us general lawyer.
1302,804,2025-01-08,Pending,Far city behind.
1303,281,2025-05-25,Failure,Wear necessary forward near rather voice pick.
1304,215,2025-07-23,Pending,Window generation adult program throughout boy all let.
1305,972,2024-11-18,Pending,Despite enough impact approach.
1306,610,2024-10-25,Success,No mission leader ahead.
1307,420,2025-02-17,Success,Customer tough nothing wrong.
1308,101,2025-08-16,Failure,Interview go by pressure enough mother hear marriage.
1309,963,2025-05-21,Pending,Itself foot what sign room wind.
1310,521,2025-08-10,Pending,Fine rise wife figure concern.
1311,573,2024-11-03,Pending,Without industry despite plant.
1312,309,2024-12-21,Failure,Stay agent performance four according material.
1313,658,2024-10-08,Success,Work who finally suddenly else glass which bar.
1314,939,2024-12-09,Failure,Movement clear fish big quickly step.
1315,931,2024-09-12,Pending,Hour would meeting suggest.
1316,510,2025-07-31,Success,Various use situation well task everybody.
1317,63,2024-08-29,Success,What perform kind young.
1318,633,2024-11-06,Failure,Kind task especially perhaps list stop production.
1319,226,2025-03-30,Success,Art debate address include usually south field not.
1320,105,2025-02-13,Success,Wind by finish even decide.
1321,974,2025-02-12,Pending,Film information school.
1322,772,2024-11-21,Pending,Natural water character from PM such.
1323,861,2025-05-10,Success,Scene green ground offer common wide process everybody.
1324,425,2025-04-09,Success,Poor because buy provide partner.
1325,255,2025-02-06,Failure,National bag chair eat tax.
1326,429,2024-11-19,Failure,Do different quality smile matter tell.
1327,434,2025-06-23,Success,Right month everyone soon.
1328,207,2024-10-25,Pending,Age if employee similar girl better beyond.
1329,28,2025-02-13,Success,Consider claim there.
1330,682,2025-02-28,Success,Cultural seek bank risk east.
1331,336,2025-04-24,Pending,Budget husband financial.
1332,588,2024-09-30,Pending,Interest statement dream central require politics measure.
1333,628,2025-06-26,Failure,Would dark artist.
1334,69,2025-04-09,Failure,Bit land stock performance treatment.
1335,866,2025-07-09,Failure,Bag space allow.
1336,746,2024-12-24,Failure,Decide try little.
1337,513,2025-07-22,Pending,Drive seek many between.
1338,167,2025-08-10,Success,Seven never animal see this serious this.
1339,864,2025-08-05,Failure,Set vote raise pattern.
1340,730,2024-10-18,Failure,Return election ok.
1341,785,2024-11-21,Pending,Suddenly player start forget half.
1342,368,2025-02-13,Pending,Pick baby when.
1343,251,2025-05-25,Success,Development morning relationship against two newspaper.
1344,859,2024-09-14,Success,Mission about case life set resource.
1345,856,2024-08-20,Pending,Born indeed interview need mention single like.
1346,931,2025-06-04,Failure,Candidate dark other serve.
1347,686,2024-08-30,Failure,Edge make building cup fund dinner.
1348,170,2025-05-09,Failure,There nice black total consider expert address.
1349,758,2025-05-07,Success,Hand goal term matter address prepare protect.
1350,935,2025-01-22,Failure,Create should degree house control.
1351,90,2025-07-20,Failure,Hospital also year own.
1352,561,2025-03-07,Pending,Necessary suggest employee project after song.
1353,446,2025-02-16,Failure,At people brother official work use.
1354,294,2025-07-18,Pending,Become area break image.
1355,919,2025-01-14,Failure,Statement home above until design.
1356,150,2024-09-14,Success,Another wait spend mission election site.
1357,132,2025-06-18,Failure,Summer reflect reason per tend.
1358,433,2025-01-26,Failure,Carry my fall at age feeling blue.
1359,59,2024-11-26,Pending,Over special sport first director challenge.
1360,969,2025-07-27,Pending,Treatment help rest shake research writer.
1361,836,2025-05-23,Pending,Identify some discuss test pass.
1362,199,2025-03-14,Failure,Discussion nearly behavior for star they.
1363,215,2024-10-03,Failure,Treatment inside shoulder choice measure.
1364,898,2025-05-22,Success,Skin talk business line necessary fly share ten.
1365,561,2025-06-15,Failure,National baby last manage.
1366,472,2025-04-10,Success,Care or share marriage.
1367,744,2025-04-26,Pending,Game employee heavy voice.
1368,247,2025-03-13,Pending,Several speech left.
1369,382,2025-05-22,Pending,Same affect fast fall serve.
1370,991,2024-08-27,Success,Sign institution leg center group kid.
1371,239,2025-02-04,Failure,Leave article matter.
1372,927,2025-02-20,Pending,Gun south senior lose.
1373,367,2025-07-05,Failure,Loss reveal describe main fill.
1374,168,2025-05-26,Failure,Morning simply thousand fast authority.
1375,560,2024-09-10,Pending,Me food learn Congress anyone.
1376,51,2024-12-09,Success,Common employee seem rate idea challenge late.
1377,811,2025-06-29,Failure,Might feel animal indicate economy act present.
1378,610,2025-01-19,Pending,Raise century watch teacher relationship wall.
1379,951,2025-07-05,Failure,Risk whom husband individual catch.
1380,728,2025-07-03,Failure,By throw issue mean little appear time really.
1381,689,2025-05-26,Failure,Military very year option do.
1382,380,2025-06-12,Failure,Really sister since employee.
1383,474,2024-09-02,Failure,Small reach want page certain customer.
1384,80,2025-01-06,Success,Score whatever force table investment either.
1385,697,2025-01-20,Success,Fire radio scene.
1386,367,2025-05-23,Pending,Late say matter think matter fund.
1387,461,2025-08-13,Success,City sure only television drop.
1388,911,2025-03-04,Success,Employee suddenly local team see candidate rock.
1389,539,2025-04-19,Success,Arrive compare want chair.
1390,452,2025-04-27,Failure,Blood avoid let he.
1391,464,2025-02-04,Failure,International building man institution arm family pattern.
1392,960,2025-01-31,Pending,Head eye student identify network allow compare.
1393,478,2025-06-19,Pending,Structure western account once.
1394,926,2024-10-05,Pending,Cost together section yet.
1395,420,2024-09-27,Failure,Some add you three continue however many.
1396,707,2024-10-13,Success,Art national than late.
1397,214,2025-07-12,Success,Tv south ball.
1398,369,2024-11-27,Failure,Knowledge sing thousand rate walk.
1399,854,2025-06-08,Pending,On decade including learn effect.
1400,114,2025-07-04,Pending,Heavy difference both space civil.
1401,754,2025-03-31,Pending,Site item drop new music.
1402,503,2025-06-06,Failure,Allow huge upon employee choose glass rock.
1403,636,2025-06-21,Pending,Foot recognize despite painting camera red yard.
1404,817,2024-09-30,Pending,Conference technology civil occur state develop present.
1405,588,2025-05-25,Failure,Window none investment by involve.
1406,311,2024-10-22,Success,Laugh position station law coach popular.
1407,469,2025-01-07,Failure,With open enter see only age.
1408,824,2025-01-25,Failure,Media national feeling.
1409,708,2025-04-29,Failure,Industry manager guy.
1410,863,2024-12-27,Failure,Suffer against and act resource billion.
1411,44,2024-10-12,Success,Organization coach sign tough.
1412,415,2025-08-07,Pending,Think draw allow else occur.
1413,698,2024-11-20,Failure,Once community church.
1414,855,2025-06-22,Success,Easy community whatever each attack.
1415,246,2025-02-21,Pending,Special town south general.
1416,949,2024-11-07,Pending,Box those difficult front.
1417,84,2024-11-28,Pending,Someone raise almost talk ok spend.
1418,207,2024-09-24,Failure,Expect situation perhaps sense early themselves far.
1419,151,2024-12-24,Failure,Hour clear interview account Mr.
1420,668,2025-04-24,Pending,Nor science yourself discover call whole.
1421,528,2025-05-14,Pending,Sell bed they arm sister.
1422,165,2024-09-15,Pending,Hotel traditional particularly pass week brother drug market.
1423,917,2025-02-11,Pending,Away least onto everyone assume.
1424,975,2025-08-02,Pending,Himself other term.
1425,145,2025-05-20,Pending,Not top game worry.
1426,37,2025-02-24,Success,One Congress land reflect.
1427,333,2025-06-06,Pending,Loss discussion husband want.
1428,403,2024-11-21,Failure,List character table picture human.
1429,414,2025-06-07,Failure,Bill town red three international large.
1430,45,2024-11-26,Failure,Ago number citizen score mouth.
1431,402,2024-12-28,Pending,Firm case article coach black.
1432,206,2024-12-10,Failure,Reality team great fish even rest.
1433,62,2025-05-12,Success,Beyond policy federal program.
1434,420,2025-02-06,Pending,Military kid true.
1435,868,2024-12-24,Failure,Point end painting camera realize edge capital.
1436,468,2025-06-19,Success,Maybe door stand pick.
1437,820,2025-02-08,Success,Red music body Congress until account.
1438,19,2025-05-16,Failure,Low among manage him off which thing.
1439,365,2024-11-26,Success,Open worry involve believe.
1440,300,2025-03-26,Failure,Wall coach level myself face item arm mind.
1441,7,2024-12-02,Success,Size grow month court school commercial simple.
1442,761,2025-04-05,Pending,Report local identify commercial science entire.
1443,428,2024-08-31,Pending,By once collection figure describe sister themselves.
1444,117,2025-06-09,Pending,Bag one collection city contain go.
1445,580,2024-10-11,Pending,Mouth good somebody value.
1446,507,2024-10-14,Pending,Collection third feel common in open.
1447,546,2025-03-08,Failure,Thing position before watch society.
1448,706,2024-12-08,Pending,Two beautiful now company activity.
1449,325,2024-08-28,Pending,Painting pretty hour.
1450,55,2024-11-11,Pending,Always improve a truth through stock.
1451,778,2025-07-25,Pending,While guess create.
1452,992,2025-01-09,Success,Local expect always response.
1453,42,2025-03-24,Pending,Avoid say base detail have customer people care.
1454,297,2025-01-05,Pending,Student behavior wear develop system.
1455,973,2025-05-22,Failure,Information again more.
1456,231,2024-12-09,Success,Magazine also hundred hundred type security store.
1457,453,2024-12-15,Failure,Listen job candidate example.
1458,890,2025-05-23,Pending,Require government address for leg customer interest.
1459,394,2024-10-18,Failure,Step probably tax pull day test.
1460,522,2025-03-26,Failure,Skill boy poor society else.
1461,358,2025-04-21,Pending,Whole federal voice resource.
1462,987,2024-12-14,Success,Give tonight explain trip cultural condition.
1463,444,2025-02-18,Success,Probably home gun week thus sell instead.
1464,128,2025-05-21,Failure,So page conference window standard.
1465,691,2025-02-04,Pending,Speak list teach beyond nearly after.
1466,405,2025-05-06,Failure,Structure manager past country.
1467,392,2024-12-10,Failure,Recently American collection night knowledge.
1468,193,2024-10-16,Failure,Sign back many despite generation.
1469,604,2025-06-02,Pending,Someone may home eight now young.
1470,881,2025-06-26,Pending,Grow fall movie seat.
1471,743,2025-05-14,Success,Success carry nice among read common.
1472,78,2024-10-06,Pending,Its relationship as activity whatever other dinner.
1473,85,2024-10-13,Failure,Personal fine score environmental before risk.
1474,30,2025-04-10,Failure,Fly operation administration something ok.
1475,725,2024-12-09,Success,Local back public anyone major.
1476,49,2025-07-17,Pending,Say family lay what mission every.
1477,777,2025-01-14,Failure,Anything road bank sell successful white goal.
1478,145,2024-11-25,Success,Eight increase level quickly hold doctor.
1479,69,2025-04-22,Success,Under top site happy father really mind.
1480,58,2024-11-14,Failure,Second number voice chance little receive officer.
1481,697,2024-08-28,Failure,Action military free recently.
1482,574,2025-07-14,Pending,His face door in think almost tonight.
1483,479,2024-11-08,Success,Relationship know trip option early.
1484,820,2025-04-01,Failure,How popular program.
1485,445,2024-12-13,Success,Stage likely social.
1486,296,2024-10-14,Pending,Nature career same inside.
1487,678,2025-04-01,Failure,Treat politics simply pass side laugh positive.
1488,171,2024-08-22,Pending,Forget maybe forget our step hit.
1489,575,2024-11-26,Success,Of daughter quite college middle.
1490,147,2025-01-06,Pending,Than mean loss hundred score fire yes follow.
1491,484,2025-05-25,Pending,Such PM number.
1492,306,2025-03-03,Success,Stock reason around possible.
1493,673,2025-06-03,Pending,Institution record back ten radio kind imagine.
1494,653,2025-07-21,Success,Cost article attorney several official.
1495,846,2025-03-06,Failure,Listen want oil.
1496,609,2025-01-22,Success,Short meeting past pull.
1497,446,2025-02-19,Success,Staff us make no industry follow third.
1498,221,2025-04-15,Failure,Significant do bed scene two.
1499,555,2025-08-02,Success,Institution store particularly commercial onto citizen deal.
1500,945,2024-10-23,Failure,Movie west doctor this push down force reach.
