employee_id,first_name,last_name,email,hire_date,department_id
1,Tracie,West,vclark@krueger-smith.com,2023-02-08,7
2,Melissa,Cox,srocha@padilla.com,2021-11-10,20
3,Michelle,Wheeler,powens@yahoo.com,2022-05-31,15
4,Norman,Hayes,michael77@gmail.com,2022-06-26,11
5,Shawn,Walker,robin55@yahoo.com,2022-04-17,8
6,Mary,Gilbert,joycesmith@donovan.com,2020-09-15,7
7,Francisco,Acosta,jerry93@pierce-harding.com,2023-09-17,19
8,Michael,Kerr,plevy@hotmail.com,2025-07-11,11
9,Elizabeth,Hopkins,yjackson@yahoo.com,2021-06-30,11
10,Jacqueline,Turner,jenniferfreeman@mooney.com,2021-11-19,4
11,Frances,Schneider,gutierrezmegan@jones.com,2023-10-31,8
12,Charles,Johnson,nbrooks@estrada.info,2024-04-05,3
13,Cynthia,Lutz,patelrobert@moreno.net,2022-01-22,2
14,Amanda,Boone,shawheidi@yahoo.com,2021-02-09,12
15,John,Simmons,hullalice@lee.com,2021-06-12,6
16,Steven,Rodriguez,laura15@yahoo.com,2023-08-27,2
17,Joseph,Joseph,veronicaperez@hotmail.com,2024-08-29,1
18,Sara,Wallace,davisnicholas@alvarez.com,2022-02-27,12
19,Hailey,Lam,vnewman@hotmail.com,2021-01-28,12
20,Jeffrey,Morris,hallrachel@clay.com,2021-08-17,17
21,Mark,Hernandez,whitemelissa@gmail.com,2025-01-05,10
22,Kayla,Martinez,karenmarquez@hickman-evans.org,2023-07-05,16
23,Brian,Weber,irhodes@reyes-singh.com,2024-04-26,15
24,Lydia,Richards,davisjesse@gmail.com,2021-11-22,15
25,Linda,Joseph,unovak@gmail.com,2024-01-25,19
26,Richard,James,whenry@hotmail.com,2022-09-18,12
27,Carl,Harper,llopez@hotmail.com,2020-12-01,20
28,Robin,Phillips,bartonkenneth@gmail.com,2021-08-22,3
29,Ashley,Wagner,adamsnorman@moore.com,2022-09-05,5
30,Jennifer,Jordan,sean41@miller.info,2024-01-02,19
31,Jason,Mcguire,johnsonmichael@gmail.com,2024-10-14,7
32,Victor,Wilson,asmith@yahoo.com,2023-03-16,9
33,Nicole,Pena,ashleyjackson@jackson-adams.com,2022-02-04,7
34,Dawn,Rich,bryanhamilton@yahoo.com,2023-10-28,18
35,Douglas,Arnold,xpatton@yahoo.com,2021-05-23,4
36,Donald,Glenn,mwheeler@rodriguez-torres.biz,2024-07-28,14
37,Julie,Jordan,vbrock@yahoo.com,2023-11-18,18
38,Amber,Beasley,pochoa@hotmail.com,2022-12-21,9
39,Julie,Gutierrez,malik37@thompson-sanders.com,2024-05-31,2
40,Ross,Wilcox,yfaulkner@gmail.com,2023-10-03,20
41,Brandy,Ross,yramirez@yahoo.com,2020-09-23,15
42,Michael,Blair,frederickjames@hotmail.com,2021-08-25,7
43,Wendy,Edwards,bentonsteven@clark.com,2021-08-15,12
44,Devon,Edwards,ttaylor@gmail.com,2021-05-01,8
45,Trevor,Scott,jennifermccormick@gmail.com,2021-09-01,15
46,Katelyn,Mckay,iaguilar@hotmail.com,2024-10-15,3
47,Michelle,Mcdaniel,gibbsmichael@hotmail.com,2024-12-18,14
48,Eric,Wells,mackdiane@jackson-salazar.org,2022-07-17,17
49,Ernest,Davis,tammy61@gmail.com,2020-10-28,4
50,Erin,Miller,jeffrey88@watts.info,2025-08-15,18
51,Candace,Reynolds,whitney71@perry-nixon.com,2025-07-03,8
52,Paul,Garner,larry73@webb.info,2025-07-02,4
53,Caitlin,Watson,evanslisa@gmail.com,2024-09-15,2
54,Taylor,Anderson,deborah23@thompson.info,2022-12-16,6
55,John,Brown,lsoto@sandoval.com,2021-06-07,10
56,Angela,Frye,tprice@gmail.com,2022-03-03,4
57,Sherri,Hoffman,karen19@lloyd.com,2023-11-23,18
58,Erin,Santiago,james14@hotmail.com,2024-09-30,12
59,Danny,Jenkins,candice96@hotmail.com,2024-04-26,2
60,Nicole,Russo,michael79@cervantes.com,2023-03-02,10
61,Karen,Pugh,lawrenceallen@white.com,2025-06-28,4
62,Kayla,Henderson,kcarlson@yahoo.com,2021-09-11,14
63,Matthew,Moon,tommymedina@hotmail.com,2021-06-22,16
64,Kelly,Williams,tracytaylor@wilkinson-harvey.com,2023-05-25,15
65,Eric,Roberts,ytaylor@wagner.biz,2021-03-03,8
66,Aaron,Edwards,kjackson@gmail.com,2025-03-14,14
67,Jennifer,Garcia,antonio38@jackson-ellis.info,2022-03-15,8
68,Jennifer,Romero,adamsamy@weaver-sherman.info,2024-01-29,16
69,Teresa,Moore,pgarcia@evans.info,2020-10-18,13
70,Kathleen,Olson,michelle17@gmail.com,2023-12-24,18
71,William,Boone,lisamatthews@callahan-bishop.biz,2025-05-11,15
72,Daniel,Bell,kristenli@hudson.com,2025-03-11,13
73,Colleen,Hawkins,tiffany44@adams.com,2025-02-19,9
74,Meagan,Wilson,rsellers@martinez.com,2024-10-13,15
75,William,Ramirez,kburns@adams.com,2021-03-04,13
76,James,Perez,heather57@yahoo.com,2025-01-16,1
77,Nathaniel,Patterson,meltonmelanie@gmail.com,2025-08-08,7
78,Evan,Hoffman,melissa86@gmail.com,2025-03-19,9
79,Stephanie,Saunders,troymorris@yahoo.com,2021-09-07,1
80,Sandra,Howell,ashleewashington@yahoo.com,2022-05-24,12
81,Samantha,Leonard,garciakristen@smith-noble.com,2021-08-17,8
82,Carol,Hawkins,bsmith@gmail.com,2022-03-02,11
83,Tracy,Lynch,erik41@ward.com,2022-02-28,19
84,Daniel,Barrett,ugarrett@fischer.com,2020-09-03,17
85,Michael,Steele,thomasanderson@stone.com,2025-05-07,8
86,Tricia,Johnson,lisa62@jones-reyes.com,2024-06-07,3
87,Lindsay,Nelson,michael42@ayala-mullins.com,2023-04-21,3
88,John,Farmer,morenoalan@martin.com,2021-09-04,1
89,John,Dorsey,fheath@gmail.com,2020-12-17,5
90,Ashley,Bell,lawrencepatrick@edwards-taylor.com,2021-09-22,10
91,Christian,White,angelagreene@mitchell.com,2025-07-09,7
92,Jessica,Thomas,juliephillips@bowers.info,2022-05-20,9
93,Lisa,Sandoval,allendanielle@gmail.com,2021-12-31,7
94,Tiffany,Jones,sarah26@fisher.info,2021-05-17,9
95,Amanda,Figueroa,matthewsalexander@williams.biz,2025-05-31,8
96,David,Bonilla,zhenderson@gmail.com,2022-10-24,12
97,Donna,Davis,christopher18@mccann.net,2020-12-04,2
98,Stacey,Moreno,wwillis@hotmail.com,2021-05-07,1
99,Frederick,Bennett,holly30@miller.com,2021-09-09,16
100,Allison,Chavez,parkerjudith@hotmail.com,2024-12-07,5
101,Catherine,Moore,smithderrick@martin.net,2023-03-03,3
102,Tamara,Collins,nathanbrady@yahoo.com,2023-09-21,12
103,Sarah,Nguyen,rogersruben@brown.com,2025-04-05,8
104,Karina,Pugh,ddixon@yahoo.com,2022-02-02,3
105,Hannah,Carlson,eric19@sharp.com,2024-03-24,1
106,Jennifer,Ware,brandoncox@white.net,2020-08-18,3
107,Raymond,Moore,marcbutler@hotmail.com,2022-09-28,5
108,Emily,Webster,margaret95@gmail.com,2023-03-09,15
109,Nathaniel,Williams,jeffreyblack@finley.info,2021-01-08,14
110,Rachel,Miller,mark87@gmail.com,2025-01-17,3
111,Shannon,Ramos,kellymueller@hotmail.com,2023-02-15,1
112,John,Coleman,frichardson@oconnor.com,2025-03-04,5
113,Caleb,Lawson,randolphandrew@reed.com,2024-05-31,14
114,Andrew,Perry,usweeney@garcia-moreno.com,2021-10-26,7
115,Angela,Lewis,jwoodward@hotmail.com,2025-07-15,9
116,Brianna,Hunt,williamsjesse@hotmail.com,2024-10-19,15
117,Adrian,Reed,stephen19@gmail.com,2023-04-17,15
118,Jean,Rodriguez,kjones@graham.com,2025-01-27,10
119,Brian,Gregory,melissa65@yahoo.com,2023-08-16,13
120,Carlos,Watkins,jesus32@hotmail.com,2025-03-17,19
121,Anthony,Rose,danielcole@russell-herrera.com,2024-12-21,7
122,Mark,Parker,steven11@gmail.com,2022-05-31,17
123,Willie,Walker,lewismelissa@gmail.com,2021-06-21,20
124,Joshua,Joyce,tanyafoster@byrd.com,2021-01-03,4
125,Todd,Brown,jbond@pierce.com,2022-08-24,5
126,Amber,Harris,brownkimberly@anderson.com,2020-12-10,7
127,Jennifer,Dougherty,samantha10@gonzalez.info,2022-03-25,13
128,Nicole,Saunders,steinmaria@martinez-dunlap.com,2021-11-01,15
129,Barbara,Duran,zunderwood@johnson-vega.com,2023-03-07,11
130,John,Roberts,rebekahhill@yahoo.com,2022-06-17,4
131,Thomas,Wilson,mendezchristina@phillips.com,2021-10-08,13
132,Richard,Jimenez,patrick63@wilkerson.net,2025-04-29,7
133,Clinton,Jordan,wcasey@stephens-washington.org,2022-06-20,19
134,Donna,Anderson,bnelson@yahoo.com,2023-09-07,2
135,Michael,Patel,huangkimberly@stokes.net,2022-12-27,10
136,Robert,Hall,terrigarcia@hotmail.com,2021-09-21,13
137,Michelle,Hansen,amanda03@bradford.com,2024-03-21,6
138,Brian,Barnett,brittanydrake@howard.com,2021-04-06,12
139,Denise,Gomez,marycochran@weaver-thompson.com,2025-04-22,12
140,Debbie,Sanders,halljeffery@woods.com,2022-10-19,20
141,Bruce,Harmon,samantharichard@yahoo.com,2022-11-05,11
142,Jessica,Graham,hernandezjanet@schroeder.com,2023-11-17,7
143,Lauren,Stevens,janet69@rogers.com,2022-01-07,1
144,Daniel,Miller,fconner@stewart.org,2024-01-12,1
145,James,Edwards,elizabetholsen@yahoo.com,2024-07-04,20
146,Amanda,Patterson,david09@yahoo.com,2021-05-03,13
147,Donald,Sullivan,carriemccall@walker.com,2022-10-16,9
148,Isaiah,Bowman,youngtoni@gmail.com,2024-03-31,3
149,Steven,Roberts,sean43@steele.com,2021-11-06,7
150,Nancy,Sullivan,williamssamuel@costa-wilkerson.info,2025-03-09,6
151,Charles,Burch,amy17@hotmail.com,2022-05-13,8
152,Lindsey,Jackson,shannonlloyd@phillips.com,2021-03-25,9
153,Melissa,Meza,petersonpamela@dennis.com,2022-12-02,5
154,Corey,Stevens,bbush@hotmail.com,2022-04-08,1
155,Denise,Norris,gmoore@harris-lee.net,2023-10-18,19
156,Amber,Cox,kenneth10@yahoo.com,2025-06-04,10
157,Alexis,Kim,briansmith@gmail.com,2024-12-23,12
158,Christopher,Rodriguez,bgonzalez@gmail.com,2022-01-09,15
159,Karen,Graham,tiffany71@glover-ruiz.com,2024-03-13,9
160,Joel,Morales,ylopez@lopez-williams.info,2021-12-07,20
161,Richard,Miller,jeremy49@gmail.com,2023-04-27,17
162,Timothy,Harrell,millermaurice@gutierrez.com,2024-04-26,17
163,Michelle,Reese,rsheppard@yahoo.com,2023-11-08,20
164,Rachel,Walker,zevans@johnson.org,2020-11-06,12
165,Franklin,Maxwell,averyshane@stanton.com,2022-09-25,7
166,Aaron,Jones,rmiller@harris-carson.com,2021-04-15,2
167,Peter,Schultz,renee11@yahoo.com,2022-12-05,3
168,Sara,Schmidt,melissa87@gmail.com,2021-09-09,17
169,Kristen,Lee,perryeddie@hotmail.com,2025-02-24,5
170,Justin,Parsons,hartcraig@dillon-beard.biz,2021-07-25,17
171,Heather,Bell,kpena@hotmail.com,2025-04-17,17
172,Jessica,Mullen,jacksonrichard@hotmail.com,2024-02-02,17
173,Krista,Brewer,fosternatasha@hotmail.com,2021-03-10,2
174,Dorothy,Hernandez,reesesamantha@smith-roth.com,2023-06-07,2
175,Tommy,Garcia,megan13@gmail.com,2021-05-21,5
176,James,Scott,uschroeder@yahoo.com,2023-09-19,1
177,Jeff,Thompson,lopezjason@yahoo.com,2023-06-20,1
178,Brian,Hernandez,lori82@gmail.com,2022-12-14,19
179,Jill,Malone,htaylor@hotmail.com,2021-11-15,2
180,Bruce,Jones,jameswhitaker@wright.com,2022-07-20,12
181,Lee,Bean,joshuacolon@hotmail.com,2022-12-16,6
182,Brendan,Burton,maldonadojohn@yahoo.com,2020-09-17,4
183,Thomas,Marshall,susanwells@hotmail.com,2021-06-18,11
184,Samantha,Elliott,frank41@yahoo.com,2023-11-02,17
185,Amanda,Riley,kwilliams@vincent.com,2022-07-09,6
186,Brian,Maldonado,denise80@smith.org,2023-11-07,5
187,William,Macias,johnnytrujillo@marquez-fletcher.com,2021-07-10,20
188,Melissa,Day,dyork@yahoo.com,2021-09-05,2
189,Casey,Downs,hturner@sanders.com,2022-02-14,6
190,Carlos,Morris,gabrielle71@yahoo.com,2025-02-08,11
191,Michelle,Maddox,michelle44@gmail.com,2023-03-28,16
192,Richard,Stewart,racheltrujillo@powell.com,2024-10-17,16
193,Shelly,Gonzales,jordan66@yahoo.com,2021-06-10,1
194,Ashley,Harrison,matthewreeves@nichols.com,2025-02-16,9
195,Beth,Welch,marywalter@gmail.com,2023-08-06,6
196,Bernard,Hogan,ruizjoyce@hotmail.com,2025-06-30,16
197,Christopher,Vargas,destiny35@garner.biz,2023-01-11,3
198,Diane,Bell,jorge47@gmail.com,2025-04-27,20
199,Annette,Jones,delacruzbrandy@hotmail.com,2022-12-08,4
200,Leslie,Murray,gpreston@dillon.net,2021-06-21,19
201,Jose,Johnson,jbrown@gmail.com,2021-01-14,3
202,Elizabeth,Wood,robert97@stewart.com,2022-01-30,19
203,Leon,Mitchell,lcook@walters-smith.com,2023-05-02,20
204,Joseph,Newman,barbaramoore@anderson.biz,2023-12-11,7
205,David,Madden,ysanford@gmail.com,2022-03-02,20
206,Debbie,Davis,jessicadodson@sherman-schmidt.com,2023-07-26,9
207,Stephen,Wheeler,jeremywiley@anderson-reyes.org,2025-02-24,1
208,Sarah,Cruz,cameronwilliams@yahoo.com,2025-04-27,8
209,Shari,Carpenter,ryan25@yahoo.com,2024-01-20,7
210,Albert,Best,frederickmeadows@yahoo.com,2024-09-07,18
211,Christine,Stevenson,jeffreymercer@gross.net,2021-09-18,8
212,Anna,Williams,richardsondebra@brooks.com,2022-10-31,1
213,Craig,Stout,stanleydesiree@williams.biz,2020-09-16,11
214,Amanda,Armstrong,qmartinez@yahoo.com,2024-12-30,18
215,William,Lopez,heathermccoy@fisher-garcia.net,2021-12-14,10
216,David,Jacobs,robertroach@hotmail.com,2021-09-14,3
217,Michael,Mason,daniel17@lynch.net,2021-11-04,7
218,Casey,Rosario,jade42@kelley.info,2023-11-07,16
219,John,Hayes,aaronpowers@gmail.com,2025-06-16,16
220,Justin,Shepherd,stacychan@gmail.com,2022-11-26,20
221,Samuel,Monroe,dawn74@marshall-garcia.com,2021-01-29,17
222,Amy,Haas,michael56@wilson.com,2023-10-12,2
223,Kevin,Miller,markkline@adams.com,2022-09-30,1
224,Tonya,Lucas,moralessuzanne@houston-vaughn.info,2024-03-09,16
225,Lindsay,Williams,danielhorton@gmail.com,2024-07-10,12
226,Allison,Zimmerman,perrybrittany@gregory.com,2022-03-09,5
227,Elizabeth,Ritter,timothyfreeman@alexander-brown.com,2024-05-12,5
228,Angela,Warren,tiffanysantiago@stone-watts.org,2023-08-22,9
229,Sarah,Bishop,pstanley@reed-rhodes.biz,2024-08-13,9
230,Dale,Cox,smithsarah@allison.com,2024-11-25,3
231,Natalie,Hardin,john40@hotmail.com,2023-01-26,19
232,Joseph,Hughes,ppowell@stevens.info,2022-12-22,16
233,Pamela,Schroeder,hwest@mcgee-smith.biz,2024-04-08,16
234,Julia,Shelton,hawkinsaaron@gmail.com,2025-01-21,3
235,Eric,Williams,diamondbryant@yahoo.com,2022-07-29,20
236,Juan,Mccoy,velasquezmegan@yahoo.com,2023-03-24,1
237,Jason,Cook,jennifer11@hotmail.com,2021-05-15,20
238,Matthew,Rivera,petersonmaria@kelley-brooks.com,2023-03-25,11
239,Grace,Grant,travisunderwood@griffith.com,2024-02-01,17
240,Melissa,Hughes,ylewis@love.biz,2023-04-16,8
241,William,King,bartonshannon@lawrence.com,2021-05-25,4
242,John,York,eroberson@norman.com,2021-04-21,6
243,Rebekah,Brandt,hughescaroline@gordon-cruz.org,2021-04-13,8
244,Brent,Morrison,raymond54@ballard-taylor.org,2022-09-02,20
245,Cynthia,Hernandez,jennifer83@gmail.com,2021-06-04,3
246,Maria,Miller,glenda22@daniels.com,2022-01-12,16
247,Bradley,Alvarado,icraig@yahoo.com,2025-07-10,3
248,Matthew,Rangel,millsanthony@gmail.com,2021-02-12,18
249,David,Collins,gonzalezkaren@terrell.com,2021-05-07,14
250,Tina,Douglas,vaughnkenneth@johnson.net,2023-01-23,18
251,Evan,Bates,yyoung@roberts.biz,2025-05-05,2
252,Scott,Anderson,tammy00@hotmail.com,2024-10-27,3
253,Janice,Fletcher,christinenorman@yahoo.com,2020-09-20,16
254,Ann,Miller,kari89@parsons.com,2024-03-27,9
255,Daniel,Hansen,tonyajones@gmail.com,2024-12-15,4
256,Sierra,Schneider,rwilliams@baker.com,2021-10-15,1
257,Hannah,Murphy,jmckinney@gmail.com,2024-09-16,4
258,Edward,Anderson,candice94@tyler-pierce.com,2024-11-11,1
259,Barry,Warner,susanmeyer@hotmail.com,2025-01-04,14
260,Mike,Valentine,zdaniels@bailey.com,2025-02-27,16
261,Angela,Osborn,kelly98@yahoo.com,2021-09-09,20
262,Russell,Gaines,caldwellsean@austin.com,2024-01-29,8
263,Bobby,Davis,cruzamber@yahoo.com,2020-09-30,7
264,Michael,Santiago,willie87@williams-villanueva.com,2022-03-31,3
265,Sarah,Romero,vaughangary@hotmail.com,2020-09-09,17
266,Teresa,Smith,clarkcrystal@hancock.com,2024-03-30,1
267,Bill,Parker,elucas@parks.com,2025-03-05,16
268,Michael,Bean,brownlaura@jones.biz,2023-07-26,12
269,Evelyn,Peterson,bmccoy@yahoo.com,2022-09-15,19
270,Elizabeth,Miranda,inunez@may.com,2025-02-13,14
271,Michael,Lee,howardwesley@buchanan-turner.com,2020-12-27,6
272,Anita,Cooke,qjames@gmail.com,2024-06-11,6
273,Nancy,Moore,amandataylor@yahoo.com,2022-01-23,13
274,Terri,Phillips,kennetheaton@hotmail.com,2025-01-30,19
275,Kara,French,spencerangela@gmail.com,2022-07-18,8
276,Sara,Romero,armstrongphillip@arroyo.com,2022-02-12,2
277,Joel,Fernandez,gwhitehead@martin.org,2021-04-08,1
278,Francisco,Rodgers,dannylambert@hotmail.com,2023-10-02,15
279,Lauren,Rose,enewman@powers-king.com,2021-10-06,1
280,Gregory,Stanley,michael31@yahoo.com,2024-12-30,5
281,Robert,Walter,louishayes@hopkins.org,2023-08-20,16
282,Harry,Williamson,susan20@yahoo.com,2021-01-23,19
283,Sandra,Harper,jenniferdavidson@larsen-taylor.com,2024-03-23,4
284,Kimberly,Moore,xgriffin@yahoo.com,2024-11-04,3
285,Robert,White,thompsoncatherine@yahoo.com,2023-11-08,17
286,Elizabeth,Schwartz,josemercado@luna.net,2022-01-29,17
287,Jill,Weber,nhammond@arnold.net,2023-10-21,12
288,John,Orr,michaelwalker@hotmail.com,2021-08-04,14
289,Erik,Griffith,stevendixon@yahoo.com,2023-07-04,6
290,Jacqueline,Williams,batesmelanie@hotmail.com,2022-10-02,3
291,Patrick,Diaz,seanwhite@hopkins.info,2025-03-19,9
292,Benjamin,Ball,robinsontony@gmail.com,2021-08-19,5
293,Thomas,Montes,jim38@yahoo.com,2023-02-05,17
294,James,Bishop,chardin@gmail.com,2023-03-05,14
295,Samantha,Goodwin,padillaadrienne@yahoo.com,2024-09-27,3
296,Michael,Bowers,nicholasgray@hotmail.com,2023-02-16,1
297,Lori,Young,nicholas38@gomez-parrish.info,2022-11-18,20
298,Monica,Allen,shawdon@gmail.com,2022-06-10,1
299,Jeffrey,Sheppard,robertsonjuan@lopez.org,2020-08-24,3
300,Donna,Mueller,robertrivera@olson.info,2025-06-20,18
301,Raymond,Mckee,deborahjenkins@williams.org,2023-12-23,10
302,Joshua,Lee,crystalwilliams@thomas.net,2022-06-24,3
303,Chad,Gregory,johnsjessica@yahoo.com,2023-03-23,8
304,Kerri,Hudson,shanehaney@jackson-greer.org,2025-01-05,14
305,Michael,Alexander,cindydixon@ramsey.info,2020-12-06,18
306,William,Hammond,nicholasanderson@harris.biz,2024-07-26,15
307,Erin,Strickland,thompsonrachel@williams.com,2024-10-12,2
308,Megan,Shaw,mhopkins@carey.biz,2021-02-12,10
309,Mark,Barnes,nancy86@gmail.com,2023-08-28,2
310,Anthony,Martin,zbell@hotmail.com,2020-09-05,17
311,Natalie,Gonzalez,eanderson@kent.com,2024-07-18,8
312,Jose,Jacobs,jacob09@hotmail.com,2023-06-04,1
313,Beverly,Salas,brooksjamie@ortiz-rodriguez.biz,2023-03-02,9
314,Tonya,Williams,melissa69@yahoo.com,2023-08-22,11
315,Benjamin,Castillo,afischer@hotmail.com,2021-07-16,16
316,Candace,Watson,mitchellpeters@yahoo.com,2020-09-03,7
317,Michael,Villa,kim62@hotmail.com,2023-08-09,10
318,Kristin,Dawson,seanlyons@garcia.biz,2022-03-19,3
319,Samuel,Black,martintamara@gmail.com,2024-01-19,18
320,Tracey,Martinez,thomasburke@brown.com,2023-08-24,13
321,Darrell,Miller,ramseysarah@mendez-meyer.org,2020-09-14,7
322,Rachel,Martin,daniellegonzales@jefferson.com,2021-06-28,4
323,James,Cole,bowerswilliam@hall.com,2024-04-17,13
324,Bradley,Palmer,christopherhill@gomez-foster.org,2024-10-24,20
325,Ryan,Guerra,mclaughlincasey@dunn.net,2022-04-23,1
326,April,Davis,sylvia43@hotmail.com,2021-05-08,8
327,Lindsay,Lozano,kspears@green.net,2025-02-16,14
328,Gloria,Velasquez,gordonmatthew@pratt.net,2025-01-01,16
329,Shelby,Wilkerson,kchurch@yahoo.com,2021-12-08,14
330,Jillian,Arias,susan77@atkins.biz,2024-02-15,12
331,James,Perry,laurengutierrez@black-smith.com,2021-09-06,19
332,Ryan,Sanders,christopher51@velazquez.org,2024-10-10,15
333,Stacy,Brooks,staceyvega@gmail.com,2020-09-08,2
334,Samantha,Hughes,jimmyallen@yahoo.com,2021-12-14,2
335,Cindy,Miller,jameswright@kelly.com,2022-10-04,19
336,Elizabeth,Walker,duranamber@gmail.com,2022-07-21,17
337,David,Flores,christine79@yahoo.com,2024-08-19,20
338,Rachel,Garcia,traceymoon@yahoo.com,2023-12-29,10
339,William,Espinoza,karenanderson@hotmail.com,2023-10-24,6
340,Elizabeth,Rogers,cayers@hotmail.com,2023-03-05,15
341,Mark,Thomas,xdalton@gmail.com,2023-09-24,11
342,Heidi,Johnson,wolfesteve@hotmail.com,2024-04-09,5
343,Angela,Lowery,craignicolas@nguyen.com,2022-03-07,1
344,James,Kennedy,joel79@diaz-jimenez.com,2025-03-11,8
345,Elizabeth,Guerra,michael64@yahoo.com,2022-12-03,12
346,Nicholas,Blake,tiffanyparks@le.net,2021-07-21,12
347,Kaitlin,Harrison,zgonzalez@hotmail.com,2024-05-11,5
348,Grant,Gilbert,lshaffer@porter-cowan.net,2024-05-14,7
349,Ashley,Bullock,jevans@hotmail.com,2022-01-02,4
350,Richard,Smith,kgarcia@lewis.info,2021-10-26,6
351,Martha,Lewis,qgarner@ward-grant.com,2023-08-22,13
352,Kevin,Hernandez,jenkinsmichael@hotmail.com,2024-04-27,20
353,Jason,Bentley,tiffanymitchell@nunez-freeman.info,2020-09-05,15
354,Kristi,Lynch,daustin@frye.com,2023-09-08,3
355,Catherine,Henderson,esweeney@gmail.com,2022-04-26,8
356,Marco,Parsons,jeremy54@adams.info,2021-07-27,20
357,Scott,Young,lgutierrez@gmail.com,2022-03-29,16
358,Emma,Martinez,ebonyshepard@brady.com,2023-01-20,13
359,William,Allen,bkelley@warren-ferrell.com,2020-12-21,18
360,Laura,Fowler,christopherhuynh@yahoo.com,2021-10-07,10
361,Susan,Dean,johnmitchell@hotmail.com,2023-12-26,19
362,Jill,Brown,alisonjackson@alvarado.info,2024-03-18,17
363,Donna,Copeland,amy28@gmail.com,2023-06-13,19
364,Justin,Porter,omills@hotmail.com,2020-11-24,5
365,Elizabeth,Herrera,timothy31@yahoo.com,2021-12-29,9
366,Christine,Chen,robert24@gmail.com,2022-04-28,12
367,Clarence,Andrews,mauriceharrison@watts.info,2024-09-15,1
368,Stephanie,Higgins,cannonlauren@hotmail.com,2022-11-21,1
369,Jimmy,Carter,kelleyjacob@kim.biz,2021-08-22,15
370,Lance,Smith,josehenderson@gmail.com,2024-03-18,2
371,Lindsay,Gomez,deborah84@yahoo.com,2024-10-15,16
372,Dylan,Duncan,whitekeith@gibson.info,2025-04-23,8
373,Brandon,Lopez,andrew08@lopez.com,2024-11-04,13
374,Tracey,Barnett,jenniferacosta@gmail.com,2021-09-17,1
375,Cheryl,Mills,alexisrobinson@collins-lloyd.com,2023-05-24,16
376,Kayla,Ward,riveramegan@gmail.com,2024-01-12,7
377,Stanley,Ashley,kimberly18@white-huang.com,2024-11-24,5
378,Olivia,Stephens,martinezkayla@gmail.com,2023-12-09,3
379,Barbara,Hartman,cwright@gmail.com,2021-09-30,12
380,Jennifer,Romero,boydtina@yahoo.com,2021-07-24,16
381,Patrick,Smith,sharon20@hotmail.com,2021-07-19,19
382,Reginald,Marks,timothy43@clay-boyer.com,2020-10-22,5
383,Dylan,Williams,cynthianguyen@bauer.com,2021-09-13,14
384,Grace,Hughes,albertwilliams@hotmail.com,2021-12-14,5
385,Patricia,Brooks,nathandavis@gmail.com,2023-07-23,15
386,Michelle,Burgess,parksmatthew@hotmail.com,2024-11-18,17
387,Nicole,Kelly,kellyeric@moody.net,2020-09-29,14
388,Kimberly,Jones,bquinn@hotmail.com,2022-08-22,20
389,Jeffery,Allen,jennifer40@yahoo.com,2021-01-26,5
390,Linda,Sandoval,amy73@hotmail.com,2023-07-16,12
391,Heather,Garcia,mario74@rocha.com,2024-04-13,16
392,Steven,Perkins,lori85@yahoo.com,2020-09-11,16
393,Angela,Sherman,bgross@vincent.com,2024-04-28,7
394,Samantha,Anderson,alexandriajimenez@hotmail.com,2024-09-17,4
395,David,Bell,marcus51@mills.com,2023-02-03,1
396,Dennis,Morgan,morganharris@lee-johnson.biz,2023-01-11,5
397,Steven,Day,brandon39@hotmail.com,2024-10-05,10
398,Amanda,Greer,conradjason@hebert-collier.info,2021-05-01,5
399,Angelica,Cohen,angela65@brown.com,2024-04-11,4
400,Logan,Pollard,blackburnsusan@gmail.com,2022-09-26,2
401,Karina,Mendoza,amandalopez@sandoval.net,2021-12-04,20
402,Scott,White,mirandabarbara@hotmail.com,2024-12-23,10
403,Lisa,Taylor,kandrade@gmail.com,2022-03-21,19
404,Patricia,Baldwin,diane89@yahoo.com,2022-10-02,1
405,Ronald,Acevedo,andrea55@yahoo.com,2023-01-08,5
406,Rebecca,Johnson,charlene98@gmail.com,2021-08-10,13
407,Sean,Harris,michael77@yahoo.com,2022-11-14,4
408,Erik,Moody,birdcaitlin@taylor.com,2022-09-25,16
409,Michelle,Blackwell,andrew48@hawkins.com,2024-04-12,16
410,Shannon,Stewart,eric45@hotmail.com,2022-04-26,2
411,Karen,Collins,jonathanevans@ross.com,2024-08-29,17
412,Mary,Sanders,tracynolan@hotmail.com,2021-07-04,20
413,Joshua,Ochoa,benjamin96@deleon.com,2024-11-25,12
414,Kimberly,Kennedy,hconrad@gmail.com,2022-03-03,18
415,Todd,Johnson,hbrown@flores.com,2022-03-27,3
416,John,Lucas,ericnunez@yahoo.com,2021-11-23,1
417,Scott,Mitchell,walkerkeith@yahoo.com,2022-07-31,1
418,Jennifer,Atkins,matthewalvarez@williams.net,2021-08-27,19
419,Jimmy,Williams,kathleencastillo@gmail.com,2021-10-03,11
420,Matthew,Rios,mpearson@hotmail.com,2024-01-16,5
421,Patricia,Nelson,charlesfrank@cohen-johnston.com,2020-12-15,12
422,Christopher,Lloyd,mdiaz@yahoo.com,2022-12-16,3
423,Edward,Kim,carrillogary@yahoo.com,2022-04-07,1
424,Patrick,Ross,scottglass@gmail.com,2021-11-15,1
425,Eric,Gonzales,eric11@brown.com,2024-04-03,8
426,Jason,Huber,heather14@ruiz-rivera.net,2020-10-11,10
427,Robert,Morgan,amychristensen@webb.com,2022-04-30,11
428,Mark,Lopez,scottbrian@gmail.com,2021-05-27,12
429,Steven,Holt,marshallsierra@gmail.com,2021-01-23,13
430,Bryan,Richardson,elizabeth51@gmail.com,2023-11-12,12
431,Marissa,Salinas,yhall@hotmail.com,2024-02-04,14
432,Perry,Adams,todd98@lopez.info,2025-02-04,2
433,Kayla,Miller,wrightalyssa@burns-garner.com,2023-03-28,19
434,Sophia,Coleman,michael43@hotmail.com,2022-08-07,18
435,Andrew,Jordan,garrettnatasha@gmail.com,2022-07-08,3
436,Nicole,Carney,edwardprince@hotmail.com,2023-06-28,17
437,Barbara,White,blairabigail@salazar.com,2024-04-02,8
438,Thomas,Carter,mwaller@cole-anderson.com,2024-09-14,10
439,Sherri,Garcia,kylethornton@browning.com,2021-02-24,2
440,Kenneth,Murphy,carlos81@stewart.com,2024-12-19,19
441,Peter,Phillips,tali@yahoo.com,2024-04-05,9
442,Patricia,Griffin,kimberlyrodriguez@gmail.com,2021-01-25,7
443,Mary,Robbins,catherine93@hall.info,2023-03-21,4
444,Amanda,Jackson,xjoseph@christian.info,2021-07-25,18
445,Jessica,Wallace,jamesjohnson@schaefer.com,2022-12-02,13
446,Lauren,West,carlho@camacho-burns.com,2023-09-21,11
447,Rachael,Acosta,ronaldparsons@hotmail.com,2023-01-06,4
448,Tracy,Buck,phillip99@hotmail.com,2023-08-13,4
449,Joshua,Mendez,hayesmargaret@rich.net,2024-03-08,10
450,Todd,Graham,grantzachary@hotmail.com,2022-09-24,5
451,Paul,Fowler,kellysanders@ayala-mitchell.com,2023-05-08,9
452,Elizabeth,Moody,christie08@gmail.com,2021-01-12,3
453,Lauren,Brown,gdavis@gmail.com,2022-03-05,17
454,Jennifer,Lambert,phillipmorris@white.com,2020-12-23,3
455,Mary,Sullivan,wrightheather@hotmail.com,2020-08-19,16
456,Samantha,Palmer,davisjasmin@cox.net,2021-01-26,4
457,Tina,Brady,cpierce@barr.com,2023-05-14,18
458,Amanda,Moore,haroldjoseph@parker-cross.info,2022-06-07,17
459,Rebecca,Johnson,davidanderson@gmail.com,2023-01-21,7
460,Brittany,Allison,alexander77@aguirre.com,2024-08-23,5
461,Elizabeth,Gregory,fortiz@hotmail.com,2023-01-05,12
462,Christopher,Kim,nicoleramirez@grant.com,2021-06-27,17
463,Roy,Martinez,benjamin09@evans.biz,2024-04-17,13
464,Michelle,Young,emilycarr@graves.info,2022-03-15,3
465,Hunter,Brewer,daviskevin@yahoo.com,2022-10-10,9
466,Jorge,Cox,changmegan@gmail.com,2024-10-22,17
467,Mark,Herring,staylor@yahoo.com,2023-09-21,17
468,Shawn,Johnson,swarren@gmail.com,2023-06-22,20
469,Matthew,Hernandez,duncantiffany@benitez.com,2023-03-21,16
470,Nichole,Cole,jordan99@yahoo.com,2021-07-30,13
471,Joshua,Watson,ostone@vasquez-white.org,2021-06-15,19
472,Stephanie,Wallace,tiffany01@marshall.com,2020-09-29,17
473,Robert,Jones,wwilliams@hotmail.com,2025-04-28,4
474,Mary,Taylor,davidsonhannah@tyler-parker.net,2021-09-26,12
475,Thomas,Richardson,wilsonmathew@yahoo.com,2023-06-13,9
476,Kaitlyn,Edwards,jamesbass@mendoza.com,2023-09-12,19
477,Brett,Ramirez,courtneymcclain@hotmail.com,2023-09-14,12
478,Stephanie,Horne,abowers@hotmail.com,2025-02-16,9
479,Jeffrey,Johnson,annette58@smith.com,2023-10-16,7
480,Casey,Lopez,juanjohnson@sims-kirby.org,2022-08-28,14
481,Susan,Holmes,brookehancock@yahoo.com,2022-12-23,20
482,Billy,Mcintyre,nelsonchristopher@gmail.com,2022-06-01,19
483,Anthony,Wilson,tgallegos@gmail.com,2025-08-07,15
484,John,Hampton,danielglover@gmail.com,2023-11-24,16
485,Mary,Padilla,zhunter@stein-moore.com,2021-05-16,5
486,Christine,Lewis,kimberly21@hotmail.com,2021-07-14,3
487,John,Carr,jennystevens@hancock.com,2021-09-27,12
488,Thomas,Benson,steven01@miranda.com,2021-08-26,20
489,Danny,Lutz,james44@flores.com,2020-12-23,4
490,Stacie,Gonzalez,danny98@garcia.com,2025-08-14,16
491,Steven,Taylor,audrey21@austin-morgan.info,2022-04-01,7
492,Jonathan,Jones,anthonyberger@rodriguez.com,2022-04-09,13
493,Miguel,Thompson,mwhite@hotmail.com,2024-06-02,10
494,Catherine,Reeves,larry38@gmail.com,2021-06-20,7
495,Tamara,Osborn,christopherlang@hotmail.com,2021-04-07,14
496,Jennifer,Cochran,bryantgabrielle@hotmail.com,2025-04-12,5
497,Kimberly,Ponce,ohall@gmail.com,2023-07-19,3
498,Frank,Downs,philip55@yahoo.com,2023-03-12,11
499,Larry,Contreras,jonesdaniel@yahoo.com,2024-08-30,11
500,Beth,Mckinney,justinbailey@hotmail.com,2022-05-07,18
501,Sarah,Pierce,sullivanjennifer@nguyen.com,2025-03-02,15
502,Barbara,Roberts,amorales@gmail.com,2021-12-08,12
503,Rebecca,Evans,terrireyes@clark-benson.biz,2021-01-01,9
504,Nicholas,Moore,amy32@hotmail.com,2021-09-19,10
505,Shelly,Mckinney,mwilson@nguyen-davis.info,2022-04-05,12
506,James,Graves,stephanie19@jennings.biz,2024-03-09,17
507,Brittany,Thompson,dnewman@gmail.com,2025-04-24,6
508,Maria,Ward,paigeberger@pacheco.info,2022-10-11,7
509,John,Walker,cgilbert@gmail.com,2025-05-24,14
510,Heidi,Galloway,kevin46@haas.com,2023-08-02,13
511,Kevin,Conner,melissabrown@hotmail.com,2023-09-29,8
512,Gabrielle,Young,warnerlori@rodriguez-campbell.com,2024-06-11,10
513,Linda,Snyder,zpark@flores.net,2021-08-17,9
514,Laura,Ward,thomaslopez@bridges-ward.biz,2024-05-03,18
515,Ashlee,Armstrong,whitney22@jones.com,2021-03-16,2
516,Blake,Mcdonald,iproctor@gmail.com,2024-09-26,5
517,Amanda,Bird,ydalton@munoz.net,2024-03-11,5
518,Doris,Anderson,ocruz@gmail.com,2025-01-31,6
519,Casey,Henson,lanemelanie@gmail.com,2024-11-30,19
520,Deborah,Jones,khouse@yahoo.com,2020-10-24,8
521,Alexander,Sanders,carrolljanet@carpenter.com,2022-01-18,16
522,Robert,Love,steven18@davis.com,2022-12-17,13
523,Tracy,Mendoza,bergeramanda@gmail.com,2021-09-22,1
524,Ryan,Jenkins,ehunt@hotmail.com,2023-02-03,20
525,Michael,Ortiz,zgomez@yahoo.com,2021-01-06,17
526,Patricia,Andrews,austinlivingston@hotmail.com,2025-06-12,7
527,Steve,Martinez,bryan79@gmail.com,2021-02-22,13
528,Eric,Stewart,lisa90@washington-martinez.com,2022-03-31,4
529,Gregory,Jones,david44@yahoo.com,2024-01-04,4
530,Aimee,Owens,munozrenee@hernandez.com,2024-11-02,6
531,Debra,Holmes,hwhite@cooper.com,2025-02-27,19
532,Christina,Anderson,amullins@young-alexander.com,2024-12-30,12
533,Samantha,Calderon,brian41@jackson.info,2021-04-07,7
534,Kim,Arnold,wreese@hotmail.com,2022-01-14,10
535,Steven,Matthews,yvega@baker-moreno.biz,2024-05-09,19
536,Margaret,Saunders,sara76@stewart.com,2024-12-17,7
537,Brittany,Anderson,pbishop@yahoo.com,2023-11-24,3
538,Marcus,Shaw,joseph14@hotmail.com,2025-05-31,13
539,John,Oneill,vmejia@gmail.com,2023-12-13,13
540,Sarah,Guerra,erica25@smith.biz,2024-01-15,18
541,Joshua,Holmes,jenningsmichael@campbell.com,2022-12-09,20
542,Shannon,Torres,stephanielittle@rosario.biz,2022-05-22,8
543,Karen,Martin,dominguezjon@guerrero-jones.info,2022-03-12,9
544,Ashley,Donovan,qschwartz@yahoo.com,2020-08-29,7
545,Elizabeth,Perez,kimberlyramirez@gmail.com,2021-12-28,1
546,Matthew,Meza,dcook@yahoo.com,2025-06-29,3
547,Troy,Stone,scottvasquez@gmail.com,2022-06-25,13
548,Mark,Campbell,debbierodriguez@hotmail.com,2020-09-14,17
549,Tony,Miller,christinarodriguez@yahoo.com,2024-12-28,1
550,Michael,Gonzalez,johnsonchad@hotmail.com,2024-07-03,6
551,Jonathan,Huber,fsmith@gmail.com,2024-11-30,6
552,Joshua,Hill,ortegajoseph@rivera.info,2025-02-04,12
553,Caitlyn,Weber,upowell@gmail.com,2022-10-31,13
554,Nicole,Mendez,cruzhannah@martinez-nichols.com,2023-03-18,13
555,Angela,Davis,richard15@hotmail.com,2022-07-03,15
556,Zachary,Davidson,randallkathleen@yahoo.com,2023-02-24,16
557,James,Vargas,angelaponce@lee.com,2022-11-30,11
558,John,Carpenter,mccluresamuel@gmail.com,2025-04-29,5
559,Richard,Jackson,leejennifer@allen.com,2021-08-23,4
560,Angela,Weber,blevy@gmail.com,2022-01-31,3
561,John,Winters,morganjennifer@yahoo.com,2022-07-14,19
562,Thomas,Morgan,lindsaycontreras@bentley-berg.net,2021-01-06,20
563,Jennifer,Bradshaw,sandyjohnson@burns.info,2025-03-02,18
564,Shane,Williams,jacquelineanderson@chen.com,2022-08-28,15
565,Andre,Shields,marybrown@gmail.com,2023-02-10,9
566,Kelly,Miller,nlarson@brown.biz,2020-12-17,17
567,Richard,Fry,rnguyen@hotmail.com,2021-11-21,14
568,John,Wise,mary30@thompson.biz,2022-12-28,15
569,Elizabeth,Baker,angela73@williams.org,2021-10-05,1
570,Miguel,Clark,alexistucker@gmail.com,2022-12-06,3
571,Angela,Armstrong,saramann@eaton.info,2021-01-25,16
572,Maurice,Montgomery,douglasnelson@jenkins-hurley.org,2022-09-30,11
573,Wendy,Johnson,jennifersalazar@burton.com,2022-06-01,12
574,Andrea,Small,grantjames@hotmail.com,2025-03-05,10
575,Michael,Gardner,michelle88@marshall.com,2021-08-13,16
576,Shawn,May,leelaura@hotmail.com,2020-08-22,8
577,Kristopher,Turner,qthompson@gmail.com,2023-08-02,6
578,Jerry,Sanchez,justin64@jensen-wu.info,2023-10-08,12
579,Jennifer,Aguirre,yangsara@moore.info,2023-05-23,8
580,Leslie,Sullivan,jacobsonjennifer@riley.com,2021-05-03,4
581,Julia,Chavez,nguyencorey@gutierrez.com,2025-04-20,8
582,Stephanie,Barker,bbrown@gmail.com,2022-11-16,18
583,Hannah,Moore,xthompson@ellis.com,2021-10-07,5
584,James,Perry,matthewjohnson@hotmail.com,2024-02-07,9
585,Joanna,Marshall,derek77@jackson-cooper.com,2023-02-20,4
586,Joshua,Peterson,belindatran@miller.info,2023-05-23,17
587,Brittany,Thomas,rhood@blair.com,2021-02-11,9
588,Kathleen,Hensley,ryan39@mcintyre.biz,2020-09-19,1
589,Candice,Flores,esparzajessica@johnson.com,2023-08-27,20
590,Tina,Travis,jallen@gmail.com,2022-06-30,13
591,Marissa,Reed,davidphillips@hotmail.com,2023-01-03,16
592,Kenneth,Ross,castillokevin@stevens.info,2022-02-18,13
593,Michael,Hodges,morgansullivan@yahoo.com,2022-10-22,14
594,Kevin,Robertson,daltonchad@hotmail.com,2020-10-05,3
595,Jean,Rodriguez,phillipskaren@hotmail.com,2025-03-14,6
596,David,Allen,olivermatthew@robertson.com,2025-08-04,18
597,Brandon,Martinez,reyessteven@diaz.net,2021-07-14,19
598,Brian,Cole,devonrogers@wilson.org,2023-11-17,5
599,Kelly,Thomas,lukehurst@frazier.com,2022-10-26,15
600,Sherry,Williams,hmason@yahoo.com,2025-04-25,2
601,Dana,Dougherty,zoliver@hotmail.com,2022-05-20,10
602,Karen,Lin,patriciaellis@myers.com,2024-05-22,18
603,Curtis,Barnes,martindaniel@crawford.net,2022-07-04,13
604,Alexander,Estes,robert82@reed-wallace.com,2023-05-22,5
605,Justin,Barrera,bryanwiggins@gmail.com,2022-12-01,1
606,Timothy,Li,plane@hotmail.com,2022-05-13,1
607,Matthew,Peck,swatkins@hotmail.com,2025-07-30,18
608,Tammy,Griffith,itorres@yahoo.com,2023-12-29,15
609,Johnny,Lee,jeremy54@hernandez.info,2021-12-14,17
610,Michelle,Moore,jennifermitchell@franco.com,2024-06-03,11
611,Danny,Ferrell,darylchaney@martinez.net,2022-08-07,17
612,Cameron,Owens,tiffany25@fernandez-martin.com,2024-04-27,13
613,Travis,Koch,sullivanvictor@gould.com,2023-10-07,1
614,Barbara,Jimenez,deborah47@montes-webster.org,2021-11-21,2
615,Glenda,Davis,hmorgan@mendoza.com,2024-09-14,9
616,Edward,Long,moralesmary@yahoo.com,2021-06-05,3
617,Lisa,Bryant,nguyencathy@gmail.com,2024-11-05,1
618,Stacy,Allen,james18@rhodes-rosario.net,2022-03-04,16
619,Christopher,Aguilar,tracymorrison@hotmail.com,2024-07-15,6
620,John,Williams,raymond65@watson-mitchell.com,2022-03-15,17
621,Angela,Campbell,fsawyer@gmail.com,2022-02-16,5
622,Robert,Harper,slara@gmail.com,2022-03-27,5
623,Caitlin,Cameron,ltaylor@hotmail.com,2025-06-22,6
624,Christine,Chambers,jaredwells@hatfield.biz,2024-10-19,3
625,Kimberly,Mitchell,ortizrobin@thompson-murray.org,2022-03-01,5
626,Omar,Smith,jacobjames@henry.org,2023-01-11,5
627,Rebekah,Rodriguez,dhansen@gmail.com,2020-10-22,10
628,Kenneth,Anderson,moorekevin@flowers.com,2023-04-08,10
629,Brianna,Baker,traviswatts@gmail.com,2022-01-06,19
630,Roy,Diaz,hubbardtrevor@george.org,2022-02-21,17
631,Ashley,Powell,ooneill@hotmail.com,2023-12-25,14
632,Brian,Williams,brooksjessica@gmail.com,2022-03-24,9
633,Susan,Williams,bonniethomas@yahoo.com,2021-03-21,14
634,Cory,Hoffman,frank45@fields-friedman.com,2021-11-06,1
635,Kathryn,Cox,alyssa18@gmail.com,2021-03-29,19
636,Colleen,Roberts,georgegary@brennan-serrano.com,2024-04-03,13
637,Joseph,Hughes,cody95@gmail.com,2022-09-18,13
638,Christopher,Cole,aprilwatson@jenkins-mccall.com,2024-07-01,4
639,John,Pierce,ericwalker@pope.org,2024-01-20,1
640,Andrea,Bryan,estevens@fuentes.info,2021-06-25,17
641,Eric,Hanson,hannah27@hotmail.com,2025-02-09,8
642,Ricky,Carr,jenniferjohnson@gmail.com,2021-10-18,2
643,Hannah,Anderson,melissathomas@parker.com,2020-09-23,8
644,Terry,Davis,yvazquez@jones.biz,2021-06-23,7
645,Antonio,Brooks,danielmcguire@watkins.com,2023-11-05,2
646,Keith,Hatfield,elizabeth11@harris.com,2023-11-24,3
647,Justin,Grant,thomasjulie@rush-bailey.com,2020-10-21,18
648,Michele,Diaz,garciabelinda@rice.com,2021-07-25,12
649,Charles,Thomas,rachelmedina@hotmail.com,2020-09-29,1
650,Jesus,Morrison,samanthayork@richardson-lawrence.info,2020-12-31,12
651,Joseph,Morales,maryzavala@lewis-perez.com,2021-10-02,5
652,Kylie,Williams,owensapril@yahoo.com,2022-09-28,17
653,Brittany,Williams,angela01@yahoo.com,2021-05-04,16
654,Linda,Reeves,cruzstephen@hotmail.com,2022-11-27,15
655,James,Brock,aperez@yahoo.com,2021-11-04,15
656,Danny,Stone,melissajacobson@yahoo.com,2020-09-28,5
657,Jeffrey,Hernandez,alexandercraig@hotmail.com,2020-09-16,14
658,Edward,Barry,qkim@miller.org,2021-07-14,2
659,Joseph,Taylor,calvinhester@gonzalez-anthony.biz,2025-03-30,11
660,Douglas,Velazquez,maryhardy@hubbard-miranda.org,2023-07-05,19
661,Brian,Flores,qkelly@hotmail.com,2021-05-08,7
662,Laura,Long,jdixon@yahoo.com,2022-05-08,6
663,Brooke,Jensen,kingtyler@dunlap.com,2021-10-24,2
664,Madison,Kirby,stantonpatrick@hotmail.com,2024-09-18,6
665,Samantha,Wheeler,kevinhanson@gmail.com,2025-06-01,18
666,Scott,Romero,qharris@yahoo.com,2024-05-29,2
667,Taylor,Hicks,amy88@gmail.com,2022-01-06,18
668,Kevin,Burns,hbeard@cole-farrell.info,2023-03-31,15
669,Richard,Hart,johnsonangela@yahoo.com,2023-06-14,19
670,Joseph,Wells,tjordan@price.info,2024-09-13,2
671,Amber,Smith,khart@hotmail.com,2021-12-11,20
672,Samuel,Rivera,lbaker@jensen-gomez.com,2022-09-14,6
673,Carly,Rodriguez,johnsonbrandon@yahoo.com,2021-02-07,1
674,Pamela,Butler,hubbardcolleen@yahoo.com,2025-04-02,15
675,Jessica,Parker,wreed@bell-stanley.com,2022-11-26,10
676,Cassandra,Roach,brittany14@morgan.net,2025-04-02,19
677,Anthony,Wiggins,murraymichelle@hotmail.com,2021-09-04,17
678,Jeremy,Soto,andrew79@gmail.com,2020-10-22,5
679,Emily,Carlson,uhudson@hotmail.com,2021-01-03,4
680,Michelle,Baker,rgarcia@rogers.com,2021-07-03,10
681,Brenda,Rios,michael63@reid-dickson.com,2025-04-06,17
682,Andrew,Stanton,joseph49@ballard-weber.com,2023-02-25,10
683,Kathy,Lane,joshua98@simmons-reed.com,2021-07-02,17
684,Lori,Perez,ryan85@gmail.com,2024-12-24,20
685,Barbara,Williams,gking@yahoo.com,2024-02-29,5
686,Kathryn,Castillo,burtonzachary@ray.info,2021-11-01,2
687,Gregory,Warren,umichael@hotmail.com,2020-08-21,6
688,April,Griffith,michaelhernandez@francis.biz,2022-07-15,2
689,Scott,Hampton,michelle13@yahoo.com,2020-10-31,13
690,Joshua,James,debbie49@gmail.com,2022-07-23,11
691,Wendy,Underwood,daniellee@gmail.com,2024-04-06,11
692,Ryan,Allen,bwashington@yahoo.com,2023-11-28,16
693,Lisa,Armstrong,eriktaylor@clarke-ramirez.net,2021-11-18,11
694,Tanya,Graves,stuarttodd@brown.com,2023-08-20,19
695,Theodore,Lee,lesterrichard@yahoo.com,2023-01-26,15
696,Ricky,Alexander,uhahn@young.net,2022-07-20,16
697,Manuel,Barnes,tyler13@martinez.org,2023-11-26,11
698,Daniel,Gutierrez,selenarobinson@gmail.com,2021-08-02,16
699,Eugene,Harris,taragonzales@roy-brown.net,2024-10-24,8
700,Robert,Shaw,stewartrodney@hotmail.com,2022-01-26,4
701,Tyler,Carr,natasha25@baldwin-underwood.com,2021-07-26,8
702,Elaine,Ruiz,vazquezkristina@king.com,2022-07-16,4
703,Richard,Charles,nicholsjoel@yahoo.com,2021-06-30,3
704,Kathleen,Luna,browningphillip@yahoo.com,2023-01-10,3
705,Benjamin,Thornton,mayerkatherine@yahoo.com,2023-09-02,18
706,Christopher,Stone,ruthwelch@sullivan.info,2021-04-12,19
707,Johnny,Hoffman,vhouse@hotmail.com,2023-06-20,19
708,Darrell,Bolton,hollowayholly@hotmail.com,2021-08-20,5
709,Kendra,Mendoza,robert85@neal-gill.com,2023-09-12,18
710,Michelle,Bennett,aarongonzalez@yahoo.com,2021-05-08,10
711,Mallory,Frye,rodriguezjohn@hotmail.com,2020-12-30,6
712,Aaron,Stevens,usparks@mendoza-moss.com,2021-11-30,1
713,Molly,Patel,lauren31@richardson-long.biz,2022-02-22,5
714,Steven,Payne,vaughansandra@salazar.info,2024-04-10,9
715,Brian,Lowe,jacqueline20@williamson-burke.com,2025-02-21,12
716,April,Dillon,george91@higgins.info,2023-06-24,14
717,Cindy,Becker,walkerjames@yahoo.com,2022-03-04,2
718,Vernon,Lara,breyes@gmail.com,2024-03-31,17
719,Scott,Baker,jessica36@ortiz.com,2021-11-27,14
720,Brett,Washington,joe73@yahoo.com,2023-03-12,13
721,Joseph,Bernard,smithdean@yahoo.com,2023-01-26,9
722,David,Ramirez,jennifererickson@hotmail.com,2023-08-05,15
723,Keith,Evans,davisbrian@yahoo.com,2021-07-06,15
724,Nicole,David,modonnell@coffey.com,2022-12-08,11
725,Todd,Hendrix,william64@lambert-anderson.net,2024-11-16,16
726,Anthony,Wise,jorgegordon@humphrey-anderson.com,2023-10-08,17
727,Crystal,Bush,jorgeedwards@gmail.com,2022-11-20,4
728,Lauren,Vaughn,julie64@yahoo.com,2021-04-12,1
729,Jennifer,Burns,ryan25@hotmail.com,2020-08-24,8
730,Lance,Castillo,angelalivingston@hotmail.com,2021-11-22,17
731,Alexander,Castro,lopezbrian@gmail.com,2021-11-16,3
732,Ricky,Michael,tgreen@graham-carney.info,2023-05-10,20
733,Jeffrey,Griffith,tkelly@washington.com,2021-11-20,15
734,Maureen,Roberts,clayton42@brady.org,2023-12-14,15
735,Daniel,Berry,foxashley@knapp-sanchez.info,2024-06-05,14
736,Stacey,Daniels,anthony16@garza-bean.com,2024-09-12,14
737,Deborah,Huang,millermariah@castillo.com,2021-03-15,2
738,Eric,Foster,douglasstephanie@yahoo.com,2021-08-04,13
739,Sarah,Reed,michellesolis@morris-brown.com,2025-07-18,14
740,Kelly,Mejia,rossgregory@yahoo.com,2024-04-07,19
741,Janice,Thomas,phelpsfrank@mitchell-goodwin.com,2022-12-31,7
742,Robert,Williams,travis64@munoz.com,2021-11-10,3
743,Timothy,Moses,ygriffin@adams-burke.com,2021-05-26,15
744,Thomas,Miller,christina66@gmail.com,2023-05-18,14
745,Stephen,Bradshaw,teresa32@rose-holland.com,2021-09-18,11
746,Duane,Douglas,zkim@yahoo.com,2022-03-06,15
747,James,Burgess,traceysutton@yahoo.com,2023-11-27,13
748,Carol,Lewis,dphillips@jones.biz,2023-08-18,18
749,Julie,Clayton,marshalljennifer@yahoo.com,2023-05-07,6
750,Derek,Nelson,brenda80@gmail.com,2024-10-31,3
751,Chad,Hoffman,kristicameron@gmail.com,2024-03-26,19
752,Kendra,Nelson,tmcdowell@matthews-gibson.info,2024-09-21,15
753,Melissa,Rodriguez,tammy23@gmail.com,2024-02-25,5
754,Matthew,Yang,monica16@smith.info,2023-06-20,10
755,Kristin,Allen,vmelton@hotmail.com,2021-10-21,7
756,Joseph,Williams,christine95@hotmail.com,2022-09-21,17
757,Aaron,Stein,christopher20@gmail.com,2023-11-21,7
758,Jessica,Perez,hortonjacob@clark.com,2024-03-10,12
759,Mary,Hall,ywilkinson@lee.info,2025-04-20,17
760,Bethany,Garcia,wilsonrachel@hotmail.com,2024-11-09,13
761,Donna,Rivera,cruiz@hotmail.com,2025-03-18,20
762,Michelle,Kennedy,kennethgallegos@williams-smith.biz,2025-03-03,4
763,Sean,Maldonado,mmclaughlin@hotmail.com,2024-10-26,10
764,Todd,Taylor,freemantodd@hotmail.com,2025-02-27,3
765,Martin,Oconnell,jenniferrice@yahoo.com,2025-03-10,9
766,Kathryn,Spence,adamsdeborah@yahoo.com,2022-08-02,13
767,Nicholas,Moore,pdean@west-graham.com,2023-11-25,18
768,Sarah,Delgado,taylorkim@hotmail.com,2021-05-04,15
769,Molly,Gilmore,sandra72@sharp-myers.biz,2025-07-27,4
770,Tina,Alvarez,kmarsh@hotmail.com,2024-03-20,15
771,John,Santos,hannah17@thompson.org,2025-02-10,2
772,Patrick,Avila,leonsherry@yahoo.com,2025-07-18,15
773,Melissa,Mitchell,jasonwilliams@gmail.com,2022-06-30,8
774,Robert,Mitchell,michael22@hotmail.com,2021-05-16,8
775,Louis,Brown,morgandaniel@martinez.info,2022-08-18,17
776,Thomas,Mack,kristen08@yahoo.com,2023-09-15,12
777,Robin,Pearson,mccarthysara@lloyd-estes.com,2020-08-26,19
778,Patrick,Hall,colonbobby@jackson.com,2022-05-11,10
779,Vanessa,Rodgers,jessicaerickson@hotmail.com,2020-10-10,9
780,Laura,Jefferson,mooremichael@gmail.com,2023-09-17,5
781,Denise,Johnson,scottperry@sanchez.com,2025-05-18,6
782,Edwin,Dorsey,christopherwatson@yahoo.com,2024-08-29,20
783,Tammie,Butler,edwardmolina@yahoo.com,2021-10-07,2
784,David,Monroe,lauriegutierrez@villanueva-crane.net,2021-07-26,13
785,Tammy,Peck,ramoskayla@hotmail.com,2021-02-19,6
786,Martin,Johnson,morganrichard@hamilton.com,2023-08-08,5
787,Craig,Huff,levinetina@liu.net,2023-09-13,1
788,Megan,French,regina04@hotmail.com,2021-10-24,6
789,Cory,Lopez,ngriffin@weber.com,2023-02-19,6
790,Renee,Curry,nicolemiller@hotmail.com,2024-07-18,16
791,Alexis,Brennan,vhardy@gmail.com,2021-11-08,4
792,Douglas,Roberts,christopherarnold@hotmail.com,2025-04-27,11
793,Monica,Johnson,andrewzamora@hotmail.com,2024-03-18,9
794,Tara,Evans,marilyntorres@yahoo.com,2022-09-10,3
795,Charles,Morrison,skinnerjordan@gomez.com,2022-06-03,19
796,Kimberly,Hebert,ashley07@yahoo.com,2022-07-16,8
797,Joseph,Rogers,michaelmitchell@armstrong.com,2021-02-07,5
798,Cindy,Gibson,zachary35@garcia-dawson.biz,2021-10-20,4
799,Raymond,Davidson,brownpamela@lewis-miller.net,2021-08-17,6
800,Christopher,Warren,lwiggins@yahoo.com,2021-11-05,2
801,Mark,Small,fbarker@hotmail.com,2023-11-03,20
802,Emily,Anderson,drewmartinez@hotmail.com,2020-11-07,11
803,Amanda,Gordon,tammypalmer@hotmail.com,2024-03-29,4
804,Stephanie,Nelson,stanleyjohnson@raymond.com,2023-10-16,15
805,Courtney,Lamb,martinezashley@gmail.com,2021-02-02,6
806,Paige,Rivera,watsonvickie@carter-johnson.com,2021-07-13,17
807,Tony,Simon,twilliams@lewis-fuentes.info,2025-07-29,6
808,Amber,Wong,kelleycarlos@butler.com,2021-04-04,19
809,Christina,Higgins,kimberly79@gmail.com,2024-09-07,2
810,Jimmy,Smith,qgill@hernandez-luna.com,2021-12-22,15
811,Gabrielle,Rogers,zhall@yahoo.com,2020-11-19,11
812,Karl,Phillips,pfitzgerald@cline.com,2021-11-17,8
813,Jeremy,Craig,schneiderchristopher@hotmail.com,2023-09-26,19
814,Christopher,Lee,karenshaw@martinez.com,2021-10-30,13
815,Tiffany,Carr,kristin39@miller-ferguson.com,2021-04-20,12
816,Kathleen,Fowler,henrysarah@yahoo.com,2022-09-18,5
817,Jane,Sullivan,robertheath@yahoo.com,2021-04-14,6
818,Craig,Patterson,christopher18@gmail.com,2020-09-25,4
819,Garrett,Murphy,iantate@gmail.com,2025-06-21,19
820,Kevin,Morales,dgregory@hotmail.com,2024-03-04,20
821,Anthony,Davis,anthonybrown@yahoo.com,2021-11-26,1
822,Mark,Holden,douglas54@david-lam.com,2022-03-07,20
823,Brian,Woods,karenwillis@romero-gordon.com,2024-08-16,17
824,Michael,Boyle,floresangela@gmail.com,2021-10-27,12
825,Ryan,Smith,russelljesus@gmail.com,2025-02-11,15
826,John,Reyes,sanchezangela@gmail.com,2023-03-06,1
827,Robert,Griffin,ogriffin@hotmail.com,2024-08-17,14
828,Erin,Adams,nathanielgalloway@medina.net,2024-02-17,6
829,Hector,Rivera,smithsteven@hotmail.com,2023-07-02,5
830,Gregory,Aguilar,aaronmahoney@yahoo.com,2024-05-28,11
831,Chelsea,Berry,mary65@hotmail.com,2020-09-28,4
832,Patrick,Green,brandon89@turner.com,2023-01-25,13
833,Felicia,Ward,natalie39@bernard.com,2021-07-29,11
834,Tyler,Young,qnelson@yahoo.com,2021-12-15,3
835,Brandy,Contreras,stevegreene@gmail.com,2021-02-20,1
836,Jesse,Marshall,lynchadam@chambers.net,2020-11-25,6
837,Dana,Moore,ymedina@hotmail.com,2022-02-08,18
838,Steve,Parks,staffordlisa@chambers-gomez.biz,2024-11-28,10
839,Elizabeth,Leblanc,xthompson@hotmail.com,2021-12-29,5
840,Rachel,Barron,fordsharon@smith-paul.com,2020-09-20,10
841,Steven,Carrillo,christopheraustin@yahoo.com,2024-01-01,12
842,Keith,Vaughn,tinacoffey@campbell.org,2024-03-26,2
843,Amy,Fowler,gonzalezlori@rodriguez-ramirez.net,2024-06-29,13
844,Charles,Shepard,andreakeller@hotmail.com,2025-05-05,8
845,Sierra,Richardson,chapmanjulie@green.com,2022-10-28,2
846,Vanessa,Walker,melaniejohnson@hotmail.com,2025-06-30,20
847,Kevin,Bernard,bsmith@hotmail.com,2024-11-24,1
848,Suzanne,Mendoza,ryan64@frazier.info,2023-03-26,5
849,Hannah,Gibson,stephensonjeffrey@yahoo.com,2022-07-25,9
850,Stephen,Zhang,zstewart@gmail.com,2024-03-26,17
851,Kevin,Brooks,beardlindsey@hotmail.com,2021-12-18,9
852,Yvonne,Miles,prosario@martin.com,2022-12-10,11
853,Melissa,Durham,castillolindsey@robles.com,2021-05-30,15
854,Daniel,Todd,vallen@underwood.com,2025-01-24,6
855,Patrick,Pham,oduran@riley-miller.com,2023-11-04,3
856,Michael,Petersen,sedwards@patton.info,2021-09-10,17
857,Kenneth,Gill,cheryl61@byrd.com,2022-06-07,5
858,Holly,Becker,nmorales@yahoo.com,2024-01-14,12
859,Andrew,Larson,chavezsteven@hobbs-harvey.com,2021-02-07,18
860,Maria,Cobb,lholmes@rodriguez.org,2022-06-29,14
861,Randy,Fox,rebeccamartinez@scott.info,2023-12-19,11
862,Alan,Rice,devinwilliams@collins.net,2022-03-11,9
863,Michelle,Cox,brandy82@gmail.com,2025-05-21,2
864,Kimberly,Stark,carrie45@gmail.com,2021-04-14,12
865,Teresa,Rodriguez,younglori@trevino.com,2024-08-12,3
866,Renee,Poole,petersonelizabeth@holt.org,2024-09-09,3
867,Julie,Leach,robert21@yahoo.com,2023-04-18,1
868,Marissa,Harris,arobinson@walker.com,2024-01-28,8
869,Rebecca,Herrera,lindsay63@yahoo.com,2023-11-13,8
870,Kimberly,Martin,coxcharles@spencer.com,2022-01-12,11
871,Jerry,Bond,crystaldurham@yahoo.com,2021-02-03,9
872,Laurie,Ramos,gonzalezjustin@mcclure.com,2023-10-16,5
873,Jeffery,Frazier,gregorysmith@yahoo.com,2024-03-28,14
874,James,Love,deckerderrick@cobb.com,2022-04-15,3
875,John,Burns,mikewatson@gmail.com,2022-12-04,5
876,Karla,Nolan,wilsonnicole@gmail.com,2021-07-20,5
877,Katrina,Griffin,amandabenson@greene-rowland.com,2021-07-08,19
878,Erin,Brown,melissaphillips@murphy.com,2021-04-16,14
879,Derrick,Anderson,fclark@gibbs-mendez.com,2023-09-18,4
880,Colton,Perry,victor72@yahoo.com,2023-06-26,13
881,Courtney,Elliott,fbaldwin@yahoo.com,2020-11-13,10
882,Benjamin,Hansen,ylittle@hotmail.com,2022-09-01,18
883,Kristina,Chambers,jeffreyharris@foster.biz,2023-01-11,8
884,Arthur,Parker,selenabrooks@hotmail.com,2022-01-05,8
885,Michael,Johnson,karenphillips@bell.org,2025-03-27,7
886,David,Scott,bhayes@yahoo.com,2021-07-14,8
887,Renee,Smith,ystewart@gmail.com,2021-03-08,14
888,Mark,Robinson,phall@howard.com,2022-06-07,19
889,Robert,Jones,sara11@ward.com,2020-09-21,6
890,James,Henderson,emilywright@hotmail.com,2023-04-05,1
891,Kristin,Graves,janicebolton@hotmail.com,2022-03-24,15
892,Nancy,Weaver,carrillojuan@yahoo.com,2025-04-28,1
893,Michael,Brown,wunderwood@hotmail.com,2022-05-06,17
894,Warren,Shannon,wvaldez@grimes.com,2020-11-26,1
895,Joseph,Andersen,lhall@todd.com,2022-09-03,15
896,Franklin,Kennedy,roymcmahon@yahoo.com,2022-12-02,2
897,Robin,Mitchell,jcole@brooks.com,2021-05-09,14
898,Sherry,White,porterdonna@yahoo.com,2025-06-24,8
899,Tammy,Taylor,robertjennings@yahoo.com,2025-06-07,8
900,Kenneth,May,brenda90@gmail.com,2021-01-04,19
901,Monica,Daniel,ashley99@camacho.biz,2025-06-04,7
902,Linda,Stuart,glopez@hudson-hayes.com,2024-09-29,19
903,Taylor,Brooks,damontran@serrano.info,2021-01-06,6
904,Charles,Vance,jamespruitt@campbell-hall.net,2021-01-14,6
905,Karen,West,hbrown@jackson.biz,2023-04-22,3
906,Jeremiah,Stark,andersonrobert@jones.com,2021-06-03,7
907,Erica,Bennett,ryan72@andrews.info,2023-04-03,19
908,Emily,Miller,adrianthomas@gmail.com,2020-09-13,8
909,Ray,Brandt,aliciakent@yahoo.com,2023-08-31,10
910,Megan,Baxter,vjohnston@gmail.com,2023-01-12,20
911,Angela,Anderson,treed@yahoo.com,2024-01-06,15
912,Christopher,Dalton,robertwhite@hotmail.com,2024-11-19,15
913,Ralph,Wilson,qcruz@gmail.com,2022-04-15,1
914,Joseph,Haney,chale@mcclure.com,2023-04-22,20
915,David,Long,wolfejennifer@gmail.com,2023-12-14,7
916,Miguel,Anderson,jriddle@gmail.com,2023-08-28,4
917,Kaitlyn,Irwin,camposwilliam@yahoo.com,2021-09-24,6
918,Jose,Davenport,nmartin@hotmail.com,2021-06-16,1
919,Parker,Avila,ojohnson@lowe.biz,2023-06-13,5
920,Danielle,Good,qjohnson@fletcher.com,2024-02-04,1
921,Nathan,Ford,fmurray@hotmail.com,2024-11-29,4
922,Emily,Ball,rtaylor@jackson.org,2021-06-27,2
923,Thomas,Coleman,kellynichols@jackson-powers.com,2024-11-25,10
924,Christine,Gray,scottthompson@hotmail.com,2021-11-27,5
925,Sherry,Hall,scottwilliams@cain.com,2020-10-30,10
926,Mark,Murray,scott90@gmail.com,2025-08-16,1
927,Chelsea,Moore,sarahbrooks@gmail.com,2023-11-18,6
928,Deborah,Lopez,smithanthony@rogers.com,2024-09-07,13
929,Cynthia,Golden,roblesmaria@ramsey.biz,2025-08-13,15
930,Steven,Cannon,marcus39@villa.biz,2020-12-12,4
931,Jacqueline,Johnson,jasonkelly@smith.com,2023-02-05,13
932,Debra,Keller,olewis@barrett.org,2021-12-31,20
933,Darryl,Mendez,jonesjeffery@yahoo.com,2021-12-01,15
934,Brandon,Mayer,marquezkylie@hotmail.com,2024-07-26,8
935,Benjamin,Small,susan95@horton.com,2021-04-19,5
936,Wendy,Allen,cynthiahenson@yahoo.com,2021-06-03,15
937,Darren,Jones,rogerscharlotte@hotmail.com,2022-08-07,4
938,Jimmy,Wheeler,vdixon@gmail.com,2022-06-18,12
939,Amanda,Griffin,andrewblake@parker.biz,2021-10-29,13
940,Paul,Powers,brownnicholas@harris-bennett.com,2021-12-31,2
941,Nathan,Brennan,vstevenson@ramirez.com,2024-11-23,19
942,Stacy,Sanchez,karen35@yahoo.com,2025-01-08,19
943,Heather,Williams,amberknox@mcneil.com,2025-01-29,4
944,Amber,Gonzales,isaiah01@yahoo.com,2023-07-14,4
945,Brenda,Fernandez,brettbraun@martinez.org,2024-06-08,11
946,Jessica,Webster,williamsimmons@collins-griffith.com,2021-09-29,5
947,Nicole,Parsons,catherineturner@hotmail.com,2023-07-07,20
948,Diana,Taylor,josephharrington@gmail.com,2023-02-07,11
949,Martha,Holder,egray@yahoo.com,2023-09-11,10
950,Christina,Young,ywolf@yahoo.com,2024-04-17,8
951,Sheila,Hendricks,fsimmons@larson-hernandez.com,2020-12-20,6
952,Joshua,Johnston,dford@yahoo.com,2023-12-05,6
953,Hannah,Ray,ijones@hotmail.com,2022-08-30,8
954,Jeff,Barton,ericlopez@gmail.com,2022-05-28,15
955,Sean,Cardenas,asullivan@yahoo.com,2021-04-08,14
956,Joel,Young,pburns@hotmail.com,2021-12-04,11
957,Michael,Walter,hdyer@frederick-martin.biz,2025-06-14,12
958,Tina,Odom,william75@hotmail.com,2024-11-10,13
959,Michael,Boyd,vhouse@allen.com,2021-06-16,8
960,Rachel,Gutierrez,josegibson@hernandez.com,2020-10-03,18
961,Deanna,Hill,wisedawn@sanders-willis.com,2021-11-04,1
962,Bruce,Hawkins,bmartin@holt-mason.net,2023-04-06,15
963,Joshua,Vargas,jessica11@hotmail.com,2025-04-13,8
964,Tammy,Moss,josephclark@hotmail.com,2021-05-15,11
965,Stacy,Thompson,adam27@gmail.com,2024-11-15,12
966,Madison,Shelton,ayalarobert@pena-quinn.com,2021-06-06,12
967,Christopher,Peters,jacob23@white-fry.info,2024-07-01,4
968,Jason,Williams,jamesbrady@green.info,2023-04-19,16
969,Danielle,Cooper,christophermiller@hill.com,2022-01-27,4
970,Tasha,Schneider,wwashington@smith.com,2023-02-22,5
971,Brent,James,clarklatoya@morrison-hatfield.com,2022-01-01,5
972,Matthew,Warren,msherman@yahoo.com,2021-03-17,8
973,Vanessa,Horton,evelyn55@gmail.com,2023-01-05,10
974,Kristin,Russell,dgray@yahoo.com,2025-07-14,17
975,Jamie,Evans,smithmonica@yahoo.com,2023-09-20,9
976,Maria,White,guzmanmisty@tapia-walton.com,2023-08-20,19
977,Angela,Medina,qmontgomery@yahoo.com,2021-05-22,14
978,Brenda,Allen,aaronlittle@yahoo.com,2021-03-27,8
979,Lisa,Perez,morgan57@lawson.org,2022-02-25,9
980,Jesse,Mathews,ronnie71@cruz.net,2024-07-19,11
981,Kim,Thomas,tylermiller@davies.info,2022-10-28,1
982,Kristina,Ford,pbates@lewis.com,2024-08-27,14
983,Caitlin,Brown,bholder@hickman.biz,2022-10-22,5
984,Joshua,Gutierrez,jenniferwade@hotmail.com,2024-05-22,14
985,Tracey,Butler,sandraschultz@davis-holt.com,2021-10-28,4
986,Vanessa,Moreno,nicholas68@stokes-walker.com,2021-09-07,1
987,Amber,Price,rodriguezmatthew@hotmail.com,2025-06-19,19
988,Lauren,Scott,berrydavid@finley-ray.com,2024-10-12,8
989,Daniel,Rivera,lawrencejames@yahoo.com,2020-12-19,15
990,Michelle,Miller,kelsey28@hotmail.com,2023-09-21,15
991,David,Cole,fosteramanda@stewart-cabrera.com,2023-01-25,9
992,Michael,Watson,jfrazier@campbell.com,2024-01-15,9
993,Kristina,Nichols,wayne14@hotmail.com,2024-02-09,10
994,Brianna,Calderon,troypadilla@yahoo.com,2021-09-22,20
995,Alfred,Williams,eric33@fitzgerald.info,2024-05-18,9
996,Joseph,Bennett,tracey20@hotmail.com,2023-10-01,3
997,David,Jacobs,roberto75@yahoo.com,2024-12-27,20
998,Robert,Williams,rosejustin@hotmail.com,2023-04-19,11
999,Daniel,Jones,udavis@glenn.com,2023-10-22,6
1000,Bryce,Ballard,barbararamos@yahoo.com,2021-05-04,2
