project_id,project_name,start_date,end_date
1,Synergized incremental middleware,2024-03-13,2026-04-09
2,Organized empowering software,2024-03-18,2025-12-23
3,Balanced regional project,2024-08-27,2026-04-05
4,Centralized user-facing utilization,2024-01-20,2026-01-14
5,Fully-configurable tangible open architecture,2023-10-29,2025-11-18
6,Advanced coherent benchmark,2024-05-15,2026-03-30
7,Implemented homogeneous complexity,2025-02-18,2025-08-27
8,Re-contextualized impactful archive,2024-10-20,2025-12-07
9,Face-to-face human-resource Local Area Network,2025-01-06,2025-08-25
10,Synchronized background hardware,2024-04-03,2026-04-25
11,Persistent maximized project,2024-08-15,2026-06-19
12,Public-key maximized benchmark,2025-03-19,2026-07-17
13,Configurable contextually-based superstructure,2025-05-08,2026-03-30
14,Customer-focused hybrid throughput,2024-09-07,2025-08-20
15,Optional dedicated initiative,2024-07-22,2026-08-08
16,Managed asymmetric functionalities,2024-09-20,2026-02-14
17,Mandatory real-time matrix,2024-06-24,2025-12-07
18,Extended tangible support,2025-08-04,2025-10-08
19,Phased bifurcated focus group,2024-01-15,2026-07-11
20,Persevering 5thgeneration moratorium,2024-02-29,2026-01-22
21,Distributed methodical circuit,2023-12-31,2025-09-02
22,Sharable didactic functionalities,2024-01-19,2026-08-01
23,Re-contextualized 5thgeneration policy,2025-02-02,2026-03-14
24,Vision-oriented homogeneous approach,2025-06-06,2026-08-10
25,Multi-lateral intermediate leverage,2025-07-08,2026-03-11
26,Extended actuating data-warehouse,2025-02-26,2025-09-03
27,Ameliorated well-modulated software,2024-03-24,2025-12-28
28,Optimized encompassing extranet,2024-06-19,2026-04-26
29,Sharable context-sensitive artificial intelligence,2023-11-06,2025-08-25
30,Digitized asymmetric focus group,2024-11-14,2025-09-14
31,Open-architected attitude-oriented framework,2025-04-26,2026-02-17
32,Universal local instruction set,2025-04-05,2025-09-24
33,Progressive didactic secured line,2024-11-17,2026-07-07
34,Fundamental contextually-based application,2024-04-17,2026-06-26
35,Cross-group interactive Graphical User Interface,2023-12-25,2026-01-27
36,Versatile exuding concept,2025-04-26,2026-05-26
37,Exclusive grid-enabled instruction set,2024-01-25,2025-12-13
38,Polarized methodical monitoring,2025-03-01,2025-12-03
39,Team-oriented zero tolerance complexity,2024-08-31,2025-12-20
40,Total intermediate help-desk,2024-07-20,2026-06-07
41,Team-oriented object-oriented info-mediaries,2025-07-04,2025-12-31
42,Advanced next generation toolset,2024-07-30,2026-01-21
43,Right-sized dedicated archive,2024-07-13,2025-09-18
44,Up-sized static paradigm,2024-11-24,2026-03-23
45,Seamless client-server Graphic Interface,2025-03-21,2026-06-15
46,Synchronized upward-trending synergy,2024-03-17,2025-12-18
47,User-centric upward-trending functionalities,2025-05-13,2026-02-26
48,Advanced coherent knowledgebase,2024-04-22,2026-04-13
49,Digitized modular functionalities,2024-12-14,2025-09-06
50,Customizable systematic installation,2023-11-10,2026-01-18
51,Fundamental multi-state success,2024-12-02,2025-12-12
52,Adaptive local capacity,2024-06-11,2026-05-16
53,Sharable local productivity,2024-07-17,2026-02-11
54,Reduced bandwidth-monitored alliance,2024-01-21,2026-02-26
55,Extended value-added core,2024-11-01,2026-07-14
56,Operative tangible moratorium,2024-05-19,2026-04-24
57,Vision-oriented composite policy,2024-06-04,2026-08-07
58,Multi-tiered didactic hardware,2025-07-16,2025-10-05
59,Expanded content-based service-desk,2024-12-22,2026-07-12
60,Re-engineered 24/7 hub,2025-05-16,2026-01-11
61,Multi-lateral 3rdgeneration framework,2023-10-07,2026-08-18
62,Integrated motivating capability,2024-08-02,2026-04-15
63,Total modular projection,2023-12-26,2025-09-27
64,Persevering incremental installation,2025-07-09,2025-08-30
65,Multi-channeled heuristic moratorium,2023-09-14,2025-11-13
66,Optimized multi-state task-force,2024-09-19,2025-09-06
67,Managed bifurcated conglomeration,2024-03-02,2026-07-05
68,Persevering interactive hub,2024-11-16,2025-08-23
69,Enhanced neutral policy,2024-07-02,2025-10-11
70,Diverse needs-based Internet solution,2024-04-02,2025-09-28
71,Multi-tiered executive protocol,2024-11-30,2025-12-22
72,Team-oriented systemic Internet solution,2025-05-22,2026-07-19
73,Sharable executive standardization,2025-06-30,2026-05-13
74,Secured bandwidth-monitored array,2025-01-01,2026-05-27
75,Customer-focused background projection,2024-10-04,2026-02-04
76,Ameliorated reciprocal installation,2024-05-18,2025-11-14
77,Customer-focused modular synergy,2024-06-23,2025-10-24
78,Versatile regional moratorium,2023-09-11,2025-09-22
79,Cross-platform scalable intranet,2023-11-16,2025-11-01
80,Profit-focused optimal workforce,2024-01-05,2026-05-27
81,Automated static frame,2025-05-08,2026-08-04
82,Operative didactic definition,2024-04-25,2026-06-30
83,Vision-oriented logistical neural-net,2024-07-17,2026-01-09
84,Multi-tiered bifurcated customer loyalty,2025-04-24,2026-07-01
85,Phased bottom-line hardware,2024-01-10,2026-08-04
86,Persistent incremental project,2024-05-22,2026-03-15
87,Triple-buffered zero tolerance support,2024-02-25,2025-08-20
88,Object-based 24hour hub,2023-10-14,2026-08-16
89,Face-to-face motivating forecast,2024-02-02,2026-05-13
90,Future-proofed stable firmware,2025-01-10,2026-07-22
91,Integrated intangible service-desk,2024-06-02,2025-09-08
92,Front-line 24hour instruction set,2024-06-02,2025-11-27
93,Automated 24/7 algorithm,2023-12-09,2026-07-28
94,Distributed holistic model,2025-04-15,2026-06-19
95,User-centric radical functionalities,2024-04-19,2025-09-04
96,Managed composite orchestration,2023-11-21,2025-10-01
97,Optional disintermediate open architecture,2023-08-26,2025-09-06
98,Object-based content-based pricing structure,2024-04-22,2025-12-15
99,Stand-alone hybrid application,2025-02-03,2025-09-17
100,Re-engineered interactive capacity,2023-08-27,2025-11-29
101,Sharable human-resource superstructure,2025-02-25,2025-12-24
102,Enhanced impactful functionalities,2024-04-30,2026-05-13
103,Programmable cohesive Internet solution,2024-02-01,2026-04-13
104,Focused bandwidth-monitored strategy,2024-08-14,2026-06-22
105,De-engineered motivating capability,2024-11-01,2026-06-30
106,Self-enabling object-oriented toolset,2025-04-27,2026-01-13
107,Object-based well-modulated product,2024-04-24,2025-12-01
108,Fundamental neutral complexity,2025-07-17,2026-05-17
109,Inverse demand-driven array,2024-02-15,2025-10-24
110,Cross-group 4thgeneration Internet solution,2024-10-28,2026-08-13
111,Advanced responsive throughput,2023-10-09,2025-10-11
112,Reverse-engineered coherent algorithm,2024-06-13,2026-04-02
113,Secured tertiary moratorium,2024-03-26,2026-02-13
114,Configurable object-oriented implementation,2024-11-28,2025-10-04
115,Assimilated value-added superstructure,2024-01-30,2025-10-07
116,De-engineered logistical productivity,2024-10-01,2025-12-21
117,Self-enabling zero-defect help-desk,2024-02-03,2026-07-19
118,Enterprise-wide disintermediate projection,2023-11-06,2025-10-15
119,Face-to-face exuding core,2024-10-27,2026-06-07
120,Public-key dynamic success,2024-03-21,2026-04-02
121,Vision-oriented zero tolerance implementation,2025-02-25,2026-07-29
122,Visionary empowering protocol,2024-12-03,2026-07-15
123,Business-focused even-keeled artificial intelligence,2025-07-05,2026-08-01
124,Digitized responsive adapter,2025-05-07,2026-01-26
125,Sharable optimal benchmark,2025-06-16,2026-04-23
126,Customizable logistical policy,2025-01-21,2026-02-08
127,Decentralized bi-directional circuit,2023-10-16,2026-05-05
128,Horizontal empowering contingency,2024-11-06,2025-10-05
129,Cross-group asynchronous methodology,2025-07-12,2026-03-09
130,Multi-lateral demand-driven infrastructure,2025-01-01,2026-03-11
131,Cross-platform mobile utilization,2024-07-11,2025-11-20
132,Ameliorated incremental archive,2025-01-29,2026-03-31
133,Pre-emptive responsive archive,2025-03-28,2026-02-20
134,Expanded systemic instruction set,2024-07-22,2026-05-02
135,Multi-tiered foreground productivity,2024-04-21,2026-02-25
136,Organized cohesive contingency,2025-05-11,2025-12-05
137,Innovative 24/7 conglomeration,2024-04-23,2025-12-22
138,Switchable non-volatile product,2024-01-19,2026-06-15
139,Robust 5thgeneration capability,2024-01-19,2026-05-29
140,Mandatory grid-enabled matrices,2023-09-26,2026-02-22
141,Seamless radical moratorium,2025-05-03,2025-11-14
142,Adaptive cohesive model,2024-09-05,2025-09-23
143,User-centric eco-centric capability,2024-09-09,2025-11-29
144,Ergonomic real-time algorithm,2023-09-24,2026-06-12
145,Public-key 3rdgeneration model,2024-03-19,2025-12-12
146,Profound well-modulated collaboration,2024-07-11,2026-05-22
147,Extended high-level budgetary management,2023-11-19,2025-09-20
148,Extended 4thgeneration Graphic Interface,2023-11-23,2026-01-03
149,Devolved directional artificial intelligence,2024-08-04,2026-03-23
150,Upgradable system-worthy capacity,2023-12-29,2026-07-09
